patient_id,sizeof_hdr,data_type,db_name,extents,session_error,regular,dim_info,dim,intent_p1,intent_p2,intent_p3,intent_code,datatype,bitpix,slice_start,pixdim,vox_offset,scl_slope,scl_inter,slice_end,slice_code,xyzt_units,cal_max,cal_min,slice_duration,toffset,glmax,glmin,descrip,aux_file,qform_code,sform_code,quatern_b,quatern_c,quatern_d,qoffset_x,qoffset_y,qoffset_z,srow_x,srow_y,srow_z,intent_name,magic
049,348,,,16384,0,r,48,"[3, 512, 512, 39, 1, 1, 1, 1]",0.0,0.0,0.0,0,4,16,0,"[-1.0, 0.412109375, 0.412109375, 5.0, 0.0, 0.0, 0.0, 0.0]",0.0,,,0,0,2,0.0,0.0,0.0,0.0,2914,-1024,time=--------------.---;,;SIEMENS;Head_SAFIRE,1,1,-0.0,1.0,-0.0,105.2939453125,23.7060546875,-690.5,"[-0.412109375, -0.0, 0.0, 105.2939453125]","[-0.0, 0.412109375, 0.0, 23.7060546875]","[0.0, -0.0, 5.0, -690.5]",,n+1
050,348,,,16384,0,r,48,"[3, 512, 512, 32, 1, 1, 1, 1]",0.0,0.0,0.0,0,4,16,0,"[-1.0, 0.3515625, 0.3515625, 5.0, 0.0, 0.0, 0.0, 0.0]",0.0,,,0,0,2,0.0,0.0,0.0,0.0,1943,-1021,time=--------------.---;,;SIEMENS;Head_SAFIRE,1,1,-0.0,1.0,-0.0,89.82421875,31.67578125,-739.0,"[-0.3515625, -0.0, 0.0, 89.82421875]","[-0.0, 0.3515625, 0.0, 31.67578125]","[0.0, -0.0, 5.0, -739.0]",,n+1
051,348,,,16384,0,r,48,"[3, 512, 512, 46, 1, 1, 1, 1]",0.0,0.0,0.0,0,4,16,0,"[-1.0, 0.412109375, 0.412109375, 5.0, 0.0, 0.0, 0.0, 0.0]",0.0,,,0,0,2,0.0,0.0,0.0,0.0,3046,-1014,time=--------------.---;,;SIEMENS;Head_SAFIRE,1,1,-0.0,1.0,-0.0,105.2939453125,26.7060546875,-740.0,"[-0.412109375, -0.0, 0.0, 105.2939453125]","[-0.0, 0.412109375, 0.0, 26.7060546875]","[0.0, -0.0, 5.0, -740.0]",,n+1
052,348,,,16384,0,r,48,"[3, 512, 512, 35, 1, 1, 1, 1]",0.0,0.0,0.0,0,4,16,0,"[-1.0, 0.390625, 0.390625, 5.0, 0.0, 0.0, 0.0, 0.0]",0.0,,,0,0,2,0.0,0.0,0.0,0.0,3071,-1018,time=--------------.---;,;SIEMENS;Head_SAFIRE,1,1,-0.0,1.0,-0.0,99.8046875,77.1953125,-464.5,"[-0.390625, -0.0, 0.0, 99.8046875]","[-0.0, 0.390625, 0.0, 77.1953125]","[0.0, -0.0, 5.0, -464.5]",,n+1
053,348,,,16384,0,r,48,"[3, 512, 512, 35, 1, 1, 1, 1]",0.0,0.0,0.0,0,4,16,0,"[-1.0, 0.47265625, 0.47265625, 5.0, 0.0, 0.0, 0.0, 0.0]",0.0,,,0,0,2,0.0,0.0,0.0,0.0,2806,-1024,time=--------------.---;,;SIEMENS;HeadRoutine,1,1,-0.0,1.0,-0.0,120.763671875,47.236328125,-512.5,"[-0.47265625, -0.0, 0.0, 120.763671875]","[-0.0, 0.47265625, 0.0, 47.236328125]","[0.0, -0.0, 5.0, -512.5]",,n+1
054,348,,,16384,0,r,48,"[3, 512, 512, 33, 1, 1, 1, 1]",0.0,0.0,0.0,0,4,16,0,"[-1.0, 0.439453125, 0.439453125, 5.0, 0.0, 0.0, 0.0, 0.0]",0.0,,,0,0,2,0.0,0.0,0.0,0.0,2115,-1024,time=--------------.---;,;SIEMENS;Head_SAFIRE,1,1,-0.0,1.0,-0.0,112.2802734375,57.2197265625,-635.5,"[-0.439453125, -0.0, 0.0, 112.2802734375]","[-0.0, 0.439453125, 0.0, 57.2197265625]","[0.0, -0.0, 5.0, -635.5]",,n+1
055,348,,,16384,0,r,48,"[3, 512, 512, 56, 1, 1, 1, 1]",0.0,0.0,0.0,0,4,16,0,"[-1.0, 0.423828125, 0.423828125, 5.0, 0.0, 0.0, 0.0, 0.0]",0.0,,,0,0,2,0.0,0.0,0.0,0.0,3071,-1024,time=--------------.---;,;SIEMENS;Head_SAFIRE,1,1,-0.0,1.0,-0.0,108.2880859375,42.2119140625,-741.5,"[-0.423828125, -0.0, 0.0, 108.2880859375]","[-0.0, 0.423828125, 0.0, 42.2119140625]","[0.0, -0.0, 5.0, -741.5]",,n+1
056,348,,,16384,0,r,48,"[3, 512, 512, 40, 1, 1, 1, 1]",0.0,0.0,0.0,0,4,16,0,"[-1.0, 0.458984375, 0.458984375, 5.0, 0.0, 0.0, 0.0, 0.0]",0.0,,,0,0,2,0.0,0.0,0.0,0.0,2413,-1018,time=--------------.---;,;SIEMENS;Head_SAFIRE,1,1,-0.0,1.0,-0.0,117.2705078125,69.7294921875,-918.5,"[-0.458984375, -0.0, 0.0, 117.2705078125]","[-0.0, 0.458984375, 0.0, 69.7294921875]","[0.0, -0.0, 5.0, -918.5]",,n+1
057,348,,,16384,0,r,48,"[3, 512, 512, 43, 1, 1, 1, 1]",0.0,0.0,0.0,0,4,16,0,"[-1.0, 0.44140625, 0.44140625, 5.0, 0.0, 0.0, 0.0, 0.0]",0.0,,,0,0,2,0.0,0.0,0.0,0.0,2821,-1024,time=--------------.---;,;SIEMENS;Head_SAFIRE,1,1,-0.0,1.0,-0.0,112.779296875,32.720703125,-733.0,"[-0.44140625, -0.0, 0.0, 112.779296875]","[-0.0, 0.44140625, 0.0, 32.720703125]","[0.0, -0.0, 5.0, -733.0]",,n+1
058,348,,,16384,0,r,48,"[3, 512, 512, 38, 1, 1, 1, 1]",0.0,0.0,0.0,0,4,16,0,"[-1.0, 0.42578125, 0.42578125, 5.0, 0.0, 0.0, 0.0, 0.0]",0.0,,,0,0,2,0.0,0.0,0.0,0.0,2914,-1024,time=--------------.---;,;SIEMENS;Head_SAFIRE,1,1,-0.0,1.0,-0.0,108.787109375,52.712890625,-654.0,"[-0.42578125, -0.0, 0.0, 108.787109375]","[-0.0, 0.42578125, 0.0, 52.712890625]","[0.0, -0.0, 5.0, -654.0]",,n+1
066,348,,,16384,0,r,48,"[3, 512, 512, 34, 1, 1, 1, 1]",0.0,0.0,0.0,0,4,16,0,"[-1.0, 0.41015625, 0.41015625, 5.0, 0.0, 0.0, 0.0, 0.0]",0.0,,,0,0,2,0.0,0.0,0.0,0.0,2472,-1024,time=--------------.---;,;SIEMENS;Head_SAFIRE,1,1,-0.0,1.0,-0.0,104.794921875,56.205078125,-551.0,"[-0.41015625, -0.0, 0.0, 104.794921875]","[-0.0, 0.41015625, 0.0, 56.205078125]","[0.0, -0.0, 5.0, -551.0]",,n+1
067,348,,,16384,0,r,48,"[3, 512, 512, 31, 1, 1, 1, 1]",0.0,0.0,0.0,0,4,16,0,"[-1.0, 0.443359375, 0.443359375, 5.0, 0.0, 0.0, 0.0, 0.0]",0.0,,,0,0,2,0.0,0.0,0.0,0.0,2544,-1024,time=--------------.---;,;SIEMENS;Head_SAFIRE,1,1,-0.0,1.0,-0.0,113.2783203125,49.7216796875,-612.5,"[-0.443359375, -0.0, 0.0, 113.2783203125]","[-0.0, 0.443359375, 0.0, 49.7216796875]","[0.0, -0.0, 5.0, -612.5]",,n+1
068,348,,,16384,0,r,48,"[3, 512, 512, 32, 1, 1, 1, 1]",0.0,0.0,0.0,0,4,16,0,"[-1.0, 0.390625, 0.390625, 5.0, 0.0, 0.0, 0.0, 0.0]",0.0,,,0,0,2,0.0,0.0,0.0,0.0,2008,-1018,time=--------------.---;,;SIEMENS;HeadRoutine,1,1,-0.0,1.0,-0.0,99.8046875,62.1953125,-569.5,"[-0.390625, -0.0, 0.0, 99.8046875]","[-0.0, 0.390625, 0.0, 62.1953125]","[0.0, -0.0, 5.0, -569.5]",,n+1
069,348,,,16384,0,r,48,"[3, 512, 512, 40, 1, 1, 1, 1]",0.0,0.0,0.0,0,4,16,0,"[-1.0, 0.390625, 0.390625, 5.0, 0.0, 0.0, 0.0, 0.0]",0.0,,,0,0,2,0.0,0.0,0.0,0.0,2816,-1021,time=--------------.---;,;SIEMENS;HeadRoutine,1,1,-0.0,1.0,-0.0,99.8046875,66.1953125,-646.5,"[-0.390625, -0.0, 0.0, 99.8046875]","[-0.0, 0.390625, 0.0, 66.1953125]","[0.0, -0.0, 5.0, -646.5]",,n+1
070,348,,,16384,0,r,48,"[3, 512, 512, 39, 1, 1, 1, 1]",0.0,0.0,0.0,0,4,16,0,"[-1.0, 0.390625, 0.390625, 5.0, 0.0, 0.0, 0.0, 0.0]",0.0,,,0,0,2,0.0,0.0,0.0,0.0,2965,-1024,time=--------------.---;,;SIEMENS;HeadRoutine,1,1,-0.0,1.0,-0.0,99.8046875,71.6953125,-659.5,"[-0.390625, -0.0, 0.0, 99.8046875]","[-0.0, 0.390625, 0.0, 71.6953125]","[0.0, -0.0, 5.0, -659.5]",,n+1
071,348,,,16384,0,r,48,"[3, 512, 512, 34, 1, 1, 1, 1]",0.0,0.0,0.0,0,4,16,0,"[-1.0, 0.419921875, 0.419921875, 5.0, 0.0, 0.0, 0.0, 0.0]",0.0,,,0,0,2,0.0,0.0,0.0,0.0,2115,-1024,time=--------------.---;,;SIEMENS;HeadRoutine,1,1,-0.0,1.0,-0.0,107.2900390625,63.7099609375,-640.0,"[-0.419921875, -0.0, 0.0, 107.2900390625]","[-0.0, 0.419921875, 0.0, 63.7099609375]","[0.0, -0.0, 5.0, -640.0]",,n+1
072,348,,,16384,0,r,48,"[3, 512, 512, 33, 1, 1, 1, 1]",0.0,0.0,0.0,0,4,16,0,"[-1.0, 0.421875, 0.421875, 5.0, 0.0, 0.0, 0.0, 0.0]",0.0,,,0,0,2,0.0,0.0,0.0,0.0,2190,-1023,time=--------------.---;,;SIEMENS;HeadRoutine,1,1,-0.0,1.0,-0.0,107.7890625,78.2109375,-734.0,"[-0.421875, -0.0, 0.0, 107.7890625]","[-0.0, 0.421875, 0.0, 78.2109375]","[0.0, -0.0, 5.0, -734.0]",,n+1
073,348,,,16384,0,r,48,"[3, 512, 512, 37, 1, 1, 1, 1]",0.0,0.0,0.0,0,4,16,0,"[-1.0, 0.431640625, 0.431640625, 5.0, 0.0, 0.0, 0.0, 0.0]",0.0,,,0,0,2,0.0,0.0,0.0,0.0,3069,-1020,time=--------------.---;,;SIEMENS;Head_SAFIRE,1,1,-0.0,1.0,-0.0,110.2841796875,85.7158203125,-612.0,"[-0.431640625, -0.0, 0.0, 110.2841796875]","[-0.0, 0.431640625, 0.0, 85.7158203125]","[0.0, -0.0, 5.0, -612.0]",,n+1
074,348,,,16384,0,r,48,"[3, 512, 512, 39, 1, 1, 1, 1]",0.0,0.0,0.0,0,4,16,0,"[-1.0, 0.455078125, 0.455078125, 5.0, 0.0, 0.0, 0.0, 0.0]",0.0,,,0,0,2,0.0,0.0,0.0,0.0,3012,-1024,time=--------------.---;,;SIEMENS;Head_SAFIRE,1,1,-0.0,0.9999904632568359,-0.004363309126347303,116.2724609375,63.23196792602539,-655.5113525390625,"[-0.455078125, -0.0, 0.0, 116.2724609375]","[-0.0, 0.45506080985069275, 0.0, 63.23196792602539]","[0.0, -0.003971255384385586, 5.0, -655.5113525390625]",,n+1
075,348,,,16384,0,r,48,"[3, 512, 512, 36, 1, 1, 1, 1]",0.0,0.0,0.0,0,4,16,0,"[-1.0, 0.390625, 0.390625, 5.0, 0.0, 0.0, 0.0, 0.0]",0.0,,,0,0,2,0.0,0.0,0.0,0.0,2588,-1024,time=--------------.---;,;SIEMENS;Head_SAFIRE,1,1,-0.0,1.0,-0.0,99.8046875,8.6953125,-762.5,"[-0.390625, -0.0, 0.0, 99.8046875]","[-0.0, 0.390625, 0.0, 8.6953125]","[0.0, -0.0, 5.0, -762.5]",,n+1
076,348,,,16384,0,r,48,"[3, 512, 512, 51, 1, 1, 1, 1]",0.0,0.0,0.0,0,4,16,0,"[-1.0, 0.41796875, 0.41796875, 5.0, 0.0, 0.0, 0.0, 0.0]",0.0,,,0,0,2,0.0,0.0,0.0,0.0,3071,-1024,time=--------------.---;,;SIEMENS;Head_SAFIRE,1,1,-0.0,1.0,-0.0,106.791015625,75.708984375,-741.0,"[-0.41796875, -0.0, 0.0, 106.791015625]","[-0.0, 0.41796875, 0.0, 75.708984375]","[0.0, -0.0, 5.0, -741.0]",,n+1
077,348,,,16384,0,r,48,"[3, 512, 512, 35, 1, 1, 1, 1]",0.0,0.0,0.0,0,4,16,0,"[-1.0, 0.419921875, 0.419921875, 5.0, 0.0, 0.0, 0.0, 0.0]",0.0,,,0,0,2,0.0,0.0,0.0,0.0,3023,-1022,time=--------------.---;,;SIEMENS;Head_SAFIRE,1,1,-0.0,1.0,-0.0,107.2900390625,72.7099609375,-595.5,"[-0.419921875, -0.0, 0.0, 107.2900390625]","[-0.0, 0.419921875, 0.0, 72.7099609375]","[0.0, -0.0, 5.0, -595.5]",,n+1
078,348,,,16384,0,r,48,"[3, 512, 512, 36, 1, 1, 1, 1]",0.0,0.0,0.0,0,4,16,0,"[-1.0, 0.412109375, 0.412109375, 5.0, 0.0, 0.0, 0.0, 0.0]",0.0,,,0,0,2,0.0,0.0,0.0,0.0,2411,-1018,time=--------------.---;,;SIEMENS;Head_SAFIRE,1,1,-0.0,1.0,-0.0,105.2939453125,57.2060546875,-612.5,"[-0.412109375, -0.0, 0.0, 105.2939453125]","[-0.0, 0.412109375, 0.0, 57.2060546875]","[0.0, -0.0, 5.0, -612.5]",,n+1
079,348,,,16384,0,r,48,"[3, 512, 512, 40, 1, 1, 1, 1]",0.0,0.0,0.0,0,4,16,0,"[-1.0, 0.390625, 0.390625, 5.0, 0.0, 0.0, 0.0, 0.0]",0.0,,,0,0,2,0.0,0.0,0.0,0.0,2282,-1022,time=--------------.---;,;SIEMENS;Head_SAFIRE,1,1,-0.0,1.0,-0.0,99.8046875,31.6953125,-654.0,"[-0.390625, -0.0, 0.0, 99.8046875]","[-0.0, 0.390625, 0.0, 31.6953125]","[0.0, -0.0, 5.0, -654.0]",,n+1
080,348,,,16384,0,r,48,"[3, 512, 512, 33, 1, 1, 1, 1]",0.0,0.0,0.0,0,4,16,0,"[-1.0, 0.4609375, 0.4609375, 5.0, 0.0, 0.0, 0.0, 0.0]",0.0,,,0,0,2,0.0,0.0,0.0,0.0,1941,-1019,time=--------------.---;,;SIEMENS;Head_SAFIRE,1,1,-0.0,1.0,-0.0,117.76953125,115.73046875,-943.5,"[-0.4609375, -0.0, 0.0, 117.76953125]","[-0.0, 0.4609375, 0.0, 115.73046875]","[0.0, -0.0, 5.0, -943.5]",,n+1
081,348,,,16384,0,r,48,"[3, 512, 512, 56, 1, 1, 1, 1]",0.0,0.0,0.0,0,4,16,0,"[-1.0, 0.451171875, 0.451171875, 5.0, 0.0, 0.0, 0.0, 0.0]",0.0,,,0,0,2,0.0,0.0,0.0,0.0,2780,-1024,time=--------------.---;,;SIEMENS;Head_SAFIRE,1,1,-0.0,1.0,-0.0,115.2744140625,56.7255859375,-773.0,"[-0.451171875, -0.0, 0.0, 115.2744140625]","[-0.0, 0.451171875, 0.0, 56.7255859375]","[0.0, -0.0, 5.0, -773.0]",,n+1
082,348,,,16384,0,r,48,"[3, 512, 512, 34, 1, 1, 1, 1]",0.0,0.0,0.0,0,4,16,0,"[-1.0, 0.41015625, 0.41015625, 5.0, 0.0, 0.0, 0.0, 0.0]",0.0,,,0,0,2,0.0,0.0,0.0,0.0,2790,-1024,time=--------------.---;,;SIEMENS;HeadRoutine,1,1,-0.0,1.0,-0.0,104.794921875,91.205078125,-627.0,"[-0.41015625, -0.0, 0.0, 104.794921875]","[-0.0, 0.41015625, 0.0, 91.205078125]","[0.0, -0.0, 5.0, -627.0]",,n+1
083,348,,,16384,0,r,48,"[3, 512, 512, 37, 1, 1, 1, 1]",0.0,0.0,0.0,0,4,16,0,"[-1.0, 0.447265625, 0.447265625, 5.0, 0.0, 0.0, 0.0, 0.0]",0.0,,,0,0,2,0.0,0.0,0.0,0.0,2924,-1024,time=--------------.---;,;SIEMENS;Head_SAFIRE,1,1,-0.0,1.0,-0.0,114.2763671875,72.2236328125,-696.5,"[-0.447265625, -0.0, 0.0, 114.2763671875]","[-0.0, 0.447265625, 0.0, 72.2236328125]","[0.0, -0.0, 5.0, -696.5]",,n+1
084,348,,,16384,0,r,48,"[3, 512, 512, 52, 1, 1, 1, 1]",0.0,0.0,0.0,0,4,16,0,"[-1.0, 0.447265625, 0.447265625, 5.0, 0.0, 0.0, 0.0, 0.0]",0.0,,,0,0,2,0.0,0.0,0.0,0.0,2728,-1024,time=--------------.---;,;SIEMENS;HeadRoutine,1,1,-0.0,1.0,-0.0,114.2763671875,37.2236328125,-832.5,"[-0.447265625, -0.0, 0.0, 114.2763671875]","[-0.0, 0.447265625, 0.0, 37.2236328125]","[0.0, -0.0, 5.0, -832.5]",,n+1
085,348,,,16384,0,r,48,"[3, 512, 512, 34, 1, 1, 1, 1]",0.0,0.0,0.0,0,4,16,0,"[-1.0, 0.314453125, 0.314453125, 5.0, 0.0, 0.0, 0.0, 0.0]",0.0,,,0,0,2,0.0,0.0,0.0,0.0,1713,-1024,time=--------------.---;,;SIEMENS;Head_SAFIRE,1,1,-0.0,1.0,-0.0,80.3427734375,41.1572265625,-666.5,"[-0.314453125, -0.0, 0.0, 80.3427734375]","[-0.0, 0.314453125, 0.0, 41.1572265625]","[0.0, -0.0, 5.0, -666.5]",,n+1
086,348,,,16384,0,r,48,"[3, 512, 512, 37, 1, 1, 1, 1]",0.0,0.0,0.0,0,4,16,0,"[-1.0, 0.4296875, 0.4296875, 5.0, 0.0, 0.0, 0.0, 0.0]",0.0,,,0,0,2,0.0,0.0,0.0,0.0,2993,-1024,time=--------------.---;,;SIEMENS;Head_SAFIRE,1,1,-0.0,1.0,-0.0,109.78515625,54.71484375,-668.0,"[-0.4296875, -0.0, 0.0, 109.78515625]","[-0.0, 0.4296875, 0.0, 54.71484375]","[0.0, -0.0, 5.0, -668.0]",,n+1
087,348,,,16384,0,r,48,"[3, 512, 512, 32, 1, 1, 1, 1]",0.0,0.0,0.0,0,4,16,0,"[-1.0, 0.390625, 0.390625, 5.0, 0.0, 0.0, 0.0, 0.0]",0.0,,,0,0,2,0.0,0.0,0.0,0.0,2804,-1024,time=--------------.---;,;SIEMENS;Head_SAFIRE,1,1,-0.0,1.0,-0.0,99.8046875,54.1953125,-654.0,"[-0.390625, -0.0, 0.0, 99.8046875]","[-0.0, 0.390625, 0.0, 54.1953125]","[0.0, -0.0, 5.0, -654.0]",,n+1
088,348,,,16384,0,r,48,"[3, 512, 512, 34, 1, 1, 1, 1]",0.0,0.0,0.0,0,4,16,0,"[-1.0, 0.478515625, 0.478515625, 5.0, 0.0, 0.0, 0.0, 0.0]",0.0,,,0,0,2,0.0,0.0,0.0,0.0,2934,-1024,time=--------------.---;,;SIEMENS;HeadRoutine,1,1,-0.0,1.0,-0.0,122.2607421875,46.2392578125,-697.5,"[-0.478515625, -0.0, 0.0, 122.2607421875]","[-0.0, 0.478515625, 0.0, 46.2392578125]","[0.0, -0.0, 5.0, -697.5]",,n+1
089,348,,,16384,0,r,48,"[3, 512, 512, 42, 1, 1, 1, 1]",0.0,0.0,0.0,0,4,16,0,"[-1.0, 0.447265625, 0.447265625, 5.0, 0.0, 0.0, 0.0, 0.0]",0.0,,,0,0,2,0.0,0.0,0.0,0.0,3047,-1024,time=--------------.---;,;SIEMENS;Head_SAFIRE,1,1,-0.0,1.0,-0.0,114.2763671875,72.7236328125,-654.0,"[-0.447265625, -0.0, 0.0, 114.2763671875]","[-0.0, 0.447265625, 0.0, 72.7236328125]","[0.0, -0.0, 5.0, -654.0]",,n+1
090,348,,,16384,0,r,48,"[3, 512, 512, 33, 1, 1, 1, 1]",0.0,0.0,0.0,0,4,16,0,"[-1.0, 0.390625, 0.390625, 5.0, 0.0, 0.0, 0.0, 0.0]",0.0,,,0,0,2,0.0,0.0,0.0,0.0,3034,-1017,time=--------------.---;,;SIEMENS;Thorax_SAFIRE,1,1,-0.0,1.0,-0.0,97.8046875,37.6953125,-677.0,"[-0.390625, -0.0, 0.0, 97.8046875]","[-0.0, 0.390625, 0.0, 37.6953125]","[0.0, -0.0, 5.0, -677.0]",,n+1
091,348,,,16384,0,r,48,"[3, 512, 512, 37, 1, 1, 1, 1]",0.0,0.0,0.0,0,4,16,0,"[-1.0, 0.46875, 0.46875, 5.0, 0.0, 0.0, 0.0, 0.0]",0.0,,,0,0,2,0.0,0.0,0.0,0.0,3071,-1024,time=--------------.---;,;SIEMENS;Head_SAFIRE,1,1,-0.0,1.0,-0.0,119.765625,76.234375,614.5,"[-0.46875, -0.0, 0.0, 119.765625]","[-0.0, 0.46875, 0.0, 76.234375]","[0.0, -0.0, 5.0, 614.5]",,n+1
092,348,,,16384,0,r,48,"[3, 512, 512, 37, 1, 1, 1, 1]",0.0,0.0,0.0,0,4,16,0,"[-1.0, 0.447265625, 0.447265625, 5.0, 0.0, 0.0, 0.0, 0.0]",0.0,,,0,0,2,0.0,0.0,0.0,0.0,2618,-1024,time=--------------.---;,;SIEMENS;HeadRoutine,1,1,-0.0,1.0,-0.0,114.2763671875,36.2236328125,609.0,"[-0.447265625, -0.0, 0.0, 114.2763671875]","[-0.0, 0.447265625, 0.0, 36.2236328125]","[0.0, -0.0, 5.0, 609.0]",,n+1
093,348,,,16384,0,r,48,"[3, 512, 512, 38, 1, 1, 1, 1]",0.0,0.0,0.0,0,4,16,0,"[-1.0, 0.41015625, 0.41015625, 5.0, 0.0, 0.0, 0.0, 0.0]",0.0,,,0,0,2,0.0,0.0,0.0,0.0,2864,-1024,time=--------------.---;,;SIEMENS;HeadRoutine,1,1,-0.0,1.0,-0.0,104.794921875,53.705078125,-597.0,"[-0.41015625, -0.0, 0.0, 104.794921875]","[-0.0, 0.41015625, 0.0, 53.705078125]","[0.0, -0.0, 5.0, -597.0]",,n+1
094,348,,,16384,0,r,48,"[3, 512, 512, 47, 1, 1, 1, 1]",0.0,0.0,0.0,0,4,16,0,"[-1.0, 0.443359375, 0.443359375, 5.0, 0.0, 0.0, 0.0, 0.0]",0.0,,,0,0,2,0.0,0.0,0.0,0.0,3071,-1024,time=--------------.---;,;SIEMENS;Head_SAFIRE,1,1,-0.0,1.0,-0.0,113.2783203125,27.2216796875,-639.5,"[-0.443359375, -0.0, 0.0, 113.2783203125]","[-0.0, 0.443359375, 0.0, 27.2216796875]","[0.0, -0.0, 5.0, -639.5]",,n+1
095,348,,,16384,0,r,48,"[3, 512, 512, 37, 1, 1, 1, 1]",0.0,0.0,0.0,0,4,16,0,"[-1.0, 0.390625, 0.390625, 5.0, 0.0, 0.0, 0.0, 0.0]",0.0,,,0,0,2,0.0,0.0,0.0,0.0,3071,-1024,time=--------------.---;,;SIEMENS;HeadRoutine,1,1,-0.0,1.0,-0.0,99.8046875,57.1953125,-576.0,"[-0.390625, -0.0, 0.0, 99.8046875]","[-0.0, 0.390625, 0.0, 57.1953125]","[0.0, -0.0, 5.0, -576.0]",,n+1
096,348,,,16384,0,r,48,"[3, 512, 512, 37, 1, 1, 1, 1]",0.0,0.0,0.0,0,4,16,0,"[-1.0, 0.408203125, 0.408203125, 5.0, 0.0, 0.0, 0.0, 0.0]",0.0,,,0,0,2,0.0,0.0,0.0,0.0,2186,-1024,time=--------------.---;,;SIEMENS;Head_SAFIRE,1,1,-0.0,1.0,-0.0,104.2958984375,84.2041015625,-84.0,"[-0.408203125, -0.0, 0.0, 104.2958984375]","[-0.0, 0.408203125, 0.0, 84.2041015625]","[0.0, -0.0, 5.0, -84.0]",,n+1
097,348,,,16384,0,r,48,"[3, 512, 512, 33, 1, 1, 1, 1]",0.0,0.0,0.0,0,4,16,0,"[-1.0, 0.43359375, 0.43359375, 5.0, 0.0, 0.0, 0.0, 0.0]",0.0,,,0,0,2,0.0,0.0,0.0,0.0,2802,-1022,time=--------------.---;,;SIEMENS;HeadRoutine,1,1,-0.0,1.0,-0.0,110.783203125,71.216796875,-143.0,"[-0.43359375, -0.0, 0.0, 110.783203125]","[-0.0, 0.43359375, 0.0, 71.216796875]","[0.0, -0.0, 5.0, -143.0]",,n+1
098,348,,,16384,0,r,48,"[3, 512, 512, 48, 1, 1, 1, 1]",0.0,0.0,0.0,0,4,16,0,"[-1.0, 0.41796875, 0.41796875, 5.0, 0.0, 0.0, 0.0, 0.0]",0.0,,,0,0,2,0.0,0.0,0.0,0.0,2533,-1021,time=--------------.---;,;SIEMENS;HeadRoutine,1,1,-0.0,1.0,-0.0,106.791015625,79.708984375,-557.0,"[-0.41796875, -0.0, 0.0, 106.791015625]","[-0.0, 0.41796875, 0.0, 79.708984375]","[0.0, -0.0, 5.0, -557.0]",,n+1
099,348,,,16384,0,r,48,"[3, 512, 512, 33, 1, 1, 1, 1]",0.0,0.0,0.0,0,4,16,0,"[-1.0, 0.4609375, 0.4609375, 5.0, 0.0, 0.0, 0.0, 0.0]",0.0,,,0,0,2,0.0,0.0,0.0,0.0,2936,-1024,time=--------------.---;,;SIEMENS;Head_SAFIRE,1,1,-0.0,1.0,-0.0,117.76953125,76.23046875,-52.5,"[-0.4609375, -0.0, 0.0, 117.76953125]","[-0.0, 0.4609375, 0.0, 76.23046875]","[0.0, -0.0, 5.0, -52.5]",,n+1
100,348,,,16384,0,r,48,"[3, 512, 512, 34, 1, 1, 1, 1]",0.0,0.0,0.0,0,4,16,0,"[-1.0, 0.423828125, 0.423828125, 5.0, 0.0, 0.0, 0.0, 0.0]",0.0,,,0,0,2,0.0,0.0,0.0,0.0,2880,-1018,time=--------------.---;,;SIEMENS;Head_SAFIRE,1,1,-0.0,1.0,-0.0,108.2880859375,95.7119140625,-81.5,"[-0.423828125, -0.0, 0.0, 108.2880859375]","[-0.0, 0.423828125, 0.0, 95.7119140625]","[0.0, -0.0, 5.0, -81.5]",,n+1
101,348,,,16384,0,r,48,"[3, 512, 512, 35, 1, 1, 1, 1]",0.0,0.0,0.0,0,4,16,0,"[-1.0, 0.390625, 0.390625, 5.0, 0.0, 0.0, 0.0, 0.0]",0.0,,,0,0,2,0.0,0.0,0.0,0.0,3068,-1024,time=--------------.---;,;SIEMENS;Head_SAFIRE,1,1,-0.0,1.0,-0.0,99.8046875,128.6953125,-48.0,"[-0.390625, -0.0, 0.0, 99.8046875]","[-0.0, 0.390625, 0.0, 128.6953125]","[0.0, -0.0, 5.0, -48.0]",,n+1
102,348,,,16384,0,r,48,"[3, 512, 512, 37, 1, 1, 1, 1]",0.0,0.0,0.0,0,4,16,0,"[-1.0, 0.408203125, 0.408203125, 5.0, 0.0, 0.0, 0.0, 0.0]",0.0,,,0,0,2,0.0,0.0,0.0,0.0,3060,-1024,time=--------------.---;,;SIEMENS;Head_SAFIRE,1,1,-0.0,1.0,-0.0,104.2958984375,34.2041015625,-544.5,"[-0.408203125, -0.0, 0.0, 104.2958984375]","[-0.0, 0.408203125, 0.0, 34.2041015625]","[0.0, -0.0, 5.0, -544.5]",,n+1
103,348,,,16384,0,r,48,"[3, 512, 512, 40, 1, 1, 1, 1]",0.0,0.0,0.0,0,4,16,0,"[-1.0, 0.439453125, 0.439453125, 5.0, 0.0, 0.0, 0.0, 0.0]",0.0,,,0,0,2,0.0,0.0,0.0,0.0,3017,-1024,time=--------------.---;,;SIEMENS;Head_SAFIRE,1,1,-0.0,1.0,-0.0,112.2802734375,45.2197265625,-63.5,"[-0.439453125, -0.0, 0.0, 112.2802734375]","[-0.0, 0.439453125, 0.0, 45.2197265625]","[0.0, -0.0, 5.0, -63.5]",,n+1
104,348,,,16384,0,r,48,"[3, 512, 512, 31, 1, 1, 1, 1]",0.0,0.0,0.0,0,4,16,0,"[-1.0, 0.455078125, 0.455078125, 5.0, 0.0, 0.0, 0.0, 0.0]",0.0,,,0,0,2,0.0,0.0,0.0,0.0,2151,-1024,time=--------------.---;,;SIEMENS;HeadRoutine,1,1,-0.0,1.0,-0.0,116.2724609375,51.2275390625,-207.5,"[-0.455078125, -0.0, 0.0, 116.2724609375]","[-0.0, 0.455078125, 0.0, 51.2275390625]","[0.0, -0.0, 5.0, -207.5]",,n+1
105,348,,,16384,0,r,48,"[3, 512, 512, 34, 1, 1, 1, 1]",0.0,0.0,0.0,0,4,16,0,"[-1.0, 0.447265625, 0.447265625, 5.0, 0.0, 0.0, 0.0, 0.0]",0.0,,,0,0,2,0.0,0.0,0.0,0.0,2207,-1024,time=--------------.---;,;SIEMENS;Head_SAFIRE,1,1,-0.0,1.0,-0.0,114.2763671875,71.7236328125,-34.0,"[-0.447265625, -0.0, 0.0, 114.2763671875]","[-0.0, 0.447265625, 0.0, 71.7236328125]","[0.0, -0.0, 5.0, -34.0]",,n+1
106,348,,,16384,0,r,48,"[3, 512, 512, 36, 1, 1, 1, 1]",0.0,0.0,0.0,0,4,16,0,"[-1.0, 0.421875, 0.421875, 5.0, 0.0, 0.0, 0.0, 0.0]",0.0,,,0,0,2,0.0,0.0,0.0,0.0,2940,-1022,time=--------------.---;,;SIEMENS;Head_SAFIRE,1,1,-0.0,1.0,-0.0,107.7890625,59.7109375,-57.5,"[-0.421875, -0.0, 0.0, 107.7890625]","[-0.0, 0.421875, 0.0, 59.7109375]","[0.0, -0.0, 5.0, -57.5]",,n+1
107,348,,,16384,0,r,48,"[3, 512, 512, 37, 1, 1, 1, 1]",0.0,0.0,0.0,0,4,16,0,"[-1.0, 0.41015625, 0.41015625, 5.0, 0.0, 0.0, 0.0, 0.0]",0.0,,,0,0,2,0.0,0.0,0.0,0.0,2835,-1024,time=--------------.---;,;SIEMENS;HeadRoutine,1,1,-0.0,1.0,-0.0,104.794921875,54.705078125,-487.0,"[-0.41015625, -0.0, 0.0, 104.794921875]","[-0.0, 0.41015625, 0.0, 54.705078125]","[0.0, -0.0, 5.0, -487.0]",,n+1
108,348,,,16384,0,r,48,"[3, 512, 512, 58, 1, 1, 1, 1]",0.0,0.0,0.0,0,4,16,0,"[-1.0, 0.44140625, 0.44140625, 5.0, 0.0, 0.0, 0.0, 0.0]",0.0,,,0,0,2,0.0,0.0,0.0,0.0,3067,-1024,time=--------------.---;,;SIEMENS;Head_SAFIRE,1,1,-0.0,1.0,-0.0,112.779296875,46.220703125,-207.0,"[-0.44140625, -0.0, 0.0, 112.779296875]","[-0.0, 0.44140625, 0.0, 46.220703125]","[0.0, -0.0, 5.0, -207.0]",,n+1
109,348,,,16384,0,r,48,"[3, 512, 512, 33, 1, 1, 1, 1]",0.0,0.0,0.0,0,4,16,0,"[-1.0, 0.416015625, 0.416015625, 5.0, 0.0, 0.0, 0.0, 0.0]",0.0,,,0,0,2,0.0,0.0,0.0,0.0,2155,-1017,time=--------------.---;,;SIEMENS;Head_SAFIRE,1,1,-0.0,1.0,-0.0,106.2919921875,88.7080078125,-21.0,"[-0.416015625, -0.0, 0.0, 106.2919921875]","[-0.0, 0.416015625, 0.0, 88.7080078125]","[0.0, -0.0, 5.0, -21.0]",,n+1
110,348,,,16384,0,r,48,"[3, 512, 512, 33, 1, 1, 1, 1]",0.0,0.0,0.0,0,4,16,0,"[-1.0, 0.453125, 0.453125, 5.0, 0.0, 0.0, 0.0, 0.0]",0.0,,,0,0,2,0.0,0.0,0.0,0.0,3071,-1024,time=--------------.---;,;SIEMENS;Head_SAFIRE,1,1,-0.0,1.0,-0.0,115.7734375,44.7265625,-465.5,"[-0.453125, -0.0, 0.0, 115.7734375]","[-0.0, 0.453125, 0.0, 44.7265625]","[0.0, -0.0, 5.0, -465.5]",,n+1
111,348,,,16384,0,r,48,"[3, 512, 512, 39, 1, 1, 1, 1]",0.0,0.0,0.0,0,4,16,0,"[-1.0, 0.4375, 0.4375, 5.0, 0.0, 0.0, 0.0, 0.0]",0.0,,,0,0,2,0.0,0.0,0.0,0.0,3071,-1024,time=--------------.---;,;SIEMENS;Head_SAFIRE,1,1,-0.0,1.0,-0.0,111.78125,37.21875,-102.0,"[-0.4375, -0.0, 0.0, 111.78125]","[-0.0, 0.4375, 0.0, 37.21875]","[0.0, -0.0, 5.0, -102.0]",,n+1
112,348,,,16384,0,r,48,"[3, 512, 512, 38, 1, 1, 1, 1]",0.0,0.0,0.0,0,4,16,0,"[-1.0, 0.37890625, 0.37890625, 5.0, 0.0, 0.0, 0.0, 0.0]",0.0,,,0,0,2,0.0,0.0,0.0,0.0,2625,-1019,time=--------------.---;,;SIEMENS;Head_SAFIRE,1,1,-0.0,1.0,-0.0,96.810546875,68.189453125,-94.0,"[-0.37890625, -0.0, 0.0, 96.810546875]","[-0.0, 0.37890625, 0.0, 68.189453125]","[0.0, -0.0, 5.0, -94.0]",,n+1
113,348,,,16384,0,r,48,"[3, 512, 512, 33, 1, 1, 1, 1]",0.0,0.0,0.0,0,4,16,0,"[-1.0, 0.41796875, 0.41796875, 5.0, 0.0, 0.0, 0.0, 0.0]",0.0,,,0,0,2,0.0,0.0,0.0,0.0,3070,-1024,time=--------------.---;,;SIEMENS;Head_SAFIRE,1,1,-0.0,1.0,-0.0,106.791015625,71.208984375,-105.5,"[-0.41796875, -0.0, 0.0, 106.791015625]","[-0.0, 0.41796875, 0.0, 71.208984375]","[0.0, -0.0, 5.0, -105.5]",,n+1
114,348,,,16384,0,r,48,"[3, 512, 512, 32, 1, 1, 1, 1]",0.0,0.0,0.0,0,4,16,0,"[-1.0, 0.42578125, 0.42578125, 5.0, 0.0, 0.0, 0.0, 0.0]",0.0,,,0,0,2,0.0,0.0,0.0,0.0,2069,-1023,time=--------------.---;,;SIEMENS;HeadRoutine,1,1,-0.0,1.0,-0.0,108.787109375,87.212890625,-173.5,"[-0.42578125, -0.0, 0.0, 108.787109375]","[-0.0, 0.42578125, 0.0, 87.212890625]","[0.0, -0.0, 5.0, -173.5]",,n+1
115,348,,,16384,0,r,48,"[3, 512, 512, 38, 1, 1, 1, 1]",0.0,0.0,0.0,0,4,16,0,"[-1.0, 0.42578125, 0.42578125, 5.0, 0.0, 0.0, 0.0, 0.0]",0.0,,,0,0,2,0.0,0.0,0.0,0.0,3065,-1024,time=--------------.---;,;SIEMENS;Head_SAFIRE,1,1,-0.0,1.0,-0.0,108.787109375,54.712890625,-63.5,"[-0.42578125, -0.0, 0.0, 108.787109375]","[-0.0, 0.42578125, 0.0, 54.712890625]","[0.0, -0.0, 5.0, -63.5]",,n+1
116,348,,,16384,0,r,48,"[3, 512, 512, 36, 1, 1, 1, 1]",0.0,0.0,0.0,0,4,16,0,"[-1.0, 0.455078125, 0.455078125, 5.0, 0.0, 0.0, 0.0, 0.0]",0.0,,,0,0,2,0.0,0.0,0.0,0.0,2898,-1024,time=--------------.---;,;SIEMENS;HeadRoutine,1,1,-0.0,1.0,-0.0,116.2724609375,81.2275390625,-121.5,"[-0.455078125, -0.0, 0.0, 116.2724609375]","[-0.0, 0.455078125, 0.0, 81.2275390625]","[0.0, -0.0, 5.0, -121.5]",,n+1
117,348,,,16384,0,r,48,"[3, 512, 512, 33, 1, 1, 1, 1]",0.0,0.0,0.0,0,4,16,0,"[-1.0, 0.439453125, 0.439453125, 5.0, 0.0, 0.0, 0.0, 0.0]",0.0,,,0,0,2,0.0,0.0,0.0,0.0,2084,-1024,time=--------------.---;,;SIEMENS;Head_SAFIRE,1,1,-0.0,1.0,-0.0,112.2802734375,78.7197265625,-71.5,"[-0.439453125, -0.0, 0.0, 112.2802734375]","[-0.0, 0.439453125, 0.0, 78.7197265625]","[0.0, -0.0, 5.0, -71.5]",,n+1
118,348,,,16384,0,r,48,"[3, 512, 512, 35, 1, 1, 1, 1]",0.0,0.0,0.0,0,4,16,0,"[-1.0, 0.41796875, 0.41796875, 5.0, 0.0, 0.0, 0.0, 0.0]",0.0,,,0,0,2,0.0,0.0,0.0,0.0,2196,-1024,time=--------------.---;,;SIEMENS;Head_SAFIRE,1,1,-0.0,1.0,-0.0,106.791015625,59.208984375,-63.5,"[-0.41796875, -0.0, 0.0, 106.791015625]","[-0.0, 0.41796875, 0.0, 59.208984375]","[0.0, -0.0, 5.0, -63.5]",,n+1
119,348,,,16384,0,r,48,"[3, 512, 512, 36, 1, 1, 1, 1]",0.0,0.0,0.0,0,4,16,0,"[-1.0, 0.48828125, 0.48828125, 5.0, 0.0, 0.0, 0.0, 0.0]",0.0,,,0,0,2,0.0,0.0,0.0,0.0,2869,-1024,time=--------------.---;,;SIEMENS;HeadRoutine,1,1,-0.0,1.0,-0.0,124.755859375,56.744140625,-495.0,"[-0.48828125, -0.0, 0.0, 124.755859375]","[-0.0, 0.48828125, 0.0, 56.744140625]","[0.0, -0.0, 5.0, -495.0]",,n+1
120,348,,,16384,0,r,48,"[3, 512, 512, 35, 1, 1, 1, 1]",0.0,0.0,0.0,0,4,16,0,"[-1.0, 0.3984375, 0.3984375, 5.0, 0.0, 0.0, 0.0, 0.0]",0.0,,,0,0,2,0.0,0.0,0.0,0.0,3060,-1024,time=--------------.---;,;SIEMENS;Head_SAFIRE,1,1,-0.0,1.0,-0.0,101.80078125,47.19921875,-510.0,"[-0.3984375, -0.0, 0.0, 101.80078125]","[-0.0, 0.3984375, 0.0, 47.19921875]","[0.0, -0.0, 5.0, -510.0]",,n+1
121,348,,,16384,0,r,48,"[3, 512, 512, 35, 1, 1, 1, 1]",0.0,0.0,0.0,0,4,16,0,"[-1.0, 0.41015625, 0.41015625, 5.0, 0.0, 0.0, 0.0, 0.0]",0.0,,,0,0,2,0.0,0.0,0.0,0.0,2036,-1024,time=--------------.---;,;SIEMENS;Head_SAFIRE,1,1,-0.0,1.0,-0.0,104.794921875,82.205078125,-65.0,"[-0.41015625, -0.0, 0.0, 104.794921875]","[-0.0, 0.41015625, 0.0, 82.205078125]","[0.0, -0.0, 5.0, -65.0]",,n+1
122,348,,,16384,0,r,48,"[3, 512, 512, 32, 1, 1, 1, 1]",0.0,0.0,0.0,0,4,16,0,"[-1.0, 0.39453125, 0.39453125, 5.0, 0.0, 0.0, 0.0, 0.0]",0.0,,,0,0,2,0.0,0.0,0.0,0.0,2690,-1024,time=--------------.---;,;SIEMENS;Head_SAFIRE,1,1,-0.0,1.0,-0.0,100.802734375,53.197265625,-72.5,"[-0.39453125, -0.0, 0.0, 100.802734375]","[-0.0, 0.39453125, 0.0, 53.197265625]","[0.0, -0.0, 5.0, -72.5]",,n+1
123,348,,,16384,0,r,48,"[3, 512, 512, 43, 1, 1, 1, 1]",0.0,0.0,0.0,0,4,16,0,"[-1.0, 0.427734375, 0.427734375, 5.0, 0.0, 0.0, 0.0, 0.0]",0.0,,,0,0,2,0.0,0.0,0.0,0.0,2955,-1021,time=--------------.---;,;SIEMENS;HeadRoutine,1,1,-0.0,1.0,-0.0,109.2861328125,78.2138671875,-180.5,"[-0.427734375, -0.0, 0.0, 109.2861328125]","[-0.0, 0.427734375, 0.0, 78.2138671875]","[0.0, -0.0, 5.0, -180.5]",,n+1
124,348,,,16384,0,r,48,"[3, 512, 512, 37, 1, 1, 1, 1]",0.0,0.0,0.0,0,4,16,0,"[-1.0, 0.427734375, 0.427734375, 5.0, 0.0, 0.0, 0.0, 0.0]",0.0,,,0,0,2,0.0,0.0,0.0,0.0,2848,-1022,time=--------------.---;,;SIEMENS;Head_SAFIRE,1,1,-0.0,1.0,-0.0,109.2861328125,42.2138671875,-129.5,"[-0.427734375, -0.0, 0.0, 109.2861328125]","[-0.0, 0.427734375, 0.0, 42.2138671875]","[0.0, -0.0, 5.0, -129.5]",,n+1
125,348,,,16384,0,r,48,"[3, 512, 512, 43, 1, 1, 1, 1]",0.0,0.0,0.0,0,4,16,0,"[-1.0, 0.44921875, 0.44921875, 5.0, 0.0, 0.0, 0.0, 0.0]",0.0,,,0,0,2,0.0,0.0,0.0,0.0,3071,-1024,time=--------------.---;,;SIEMENS;Head_SAFIRE,1,1,-0.0,1.0,-0.0,114.775390625,68.224609375,-443.0,"[-0.44921875, -0.0, 0.0, 114.775390625]","[-0.0, 0.44921875, 0.0, 68.224609375]","[0.0, -0.0, 5.0, -443.0]",,n+1
126,348,,,16384,0,r,48,"[3, 512, 512, 34, 1, 1, 1, 1]",0.0,0.0,0.0,0,4,16,0,"[-1.0, 0.390625, 0.390625, 5.0, 0.0, 0.0, 0.0, 0.0]",0.0,,,0,0,2,0.0,0.0,0.0,0.0,3071,-1024,time=--------------.---;,;SIEMENS;HeadRoutine,1,1,-0.0,1.0,-0.0,99.8046875,44.6953125,-521.5,"[-0.390625, -0.0, 0.0, 99.8046875]","[-0.0, 0.390625, 0.0, 44.6953125]","[0.0, -0.0, 5.0, -521.5]",,n+1
127,348,,,16384,0,r,48,"[3, 512, 512, 36, 1, 1, 1, 1]",0.0,0.0,0.0,0,4,16,0,"[-1.0, 0.390625, 0.390625, 5.0, 0.0, 0.0, 0.0, 0.0]",0.0,,,0,0,2,0.0,0.0,0.0,0.0,2847,-1020,time=--------------.---;,;SIEMENS;Head_SAFIRE,1,1,-0.0,1.0,-0.0,99.8046875,14.6953125,-523.5,"[-0.390625, -0.0, 0.0, 99.8046875]","[-0.0, 0.390625, 0.0, 14.6953125]","[0.0, -0.0, 5.0, -523.5]",,n+1
128,348,,,16384,0,r,48,"[3, 512, 512, 35, 1, 1, 1, 1]",0.0,0.0,0.0,0,4,16,0,"[-1.0, 0.41796875, 0.41796875, 5.0, 0.0, 0.0, 0.0, 0.0]",0.0,,,0,0,2,0.0,0.0,0.0,0.0,3031,-1024,time=--------------.---;,;SIEMENS;Head_SAFIRE,1,1,-0.0,1.0,-0.0,106.791015625,33.208984375,-485.0,"[-0.41796875, -0.0, 0.0, 106.791015625]","[-0.0, 0.41796875, 0.0, 33.208984375]","[0.0, -0.0, 5.0, -485.0]",,n+1
129,348,,,16384,0,r,48,"[3, 512, 512, 35, 1, 1, 1, 1]",0.0,0.0,0.0,0,4,16,0,"[-1.0, 0.37109375, 0.37109375, 5.0, 0.0, 0.0, 0.0, 0.0]",0.0,,,0,0,2,0.0,0.0,0.0,0.0,2022,-1020,time=--------------.---;,;SIEMENS;Head_SAFIRE,1,1,-0.0,1.0,-0.0,94.814453125,53.185546875,-116.0,"[-0.37109375, -0.0, 0.0, 94.814453125]","[-0.0, 0.37109375, 0.0, 53.185546875]","[0.0, -0.0, 5.0, -116.0]",,n+1
130,348,,,16384,0,r,48,"[3, 512, 512, 36, 1, 1, 1, 1]",0.0,0.0,0.0,0,4,16,0,"[-1.0, 0.44140625, 0.44140625, 5.0, 0.0, 0.0, 0.0, 0.0]",0.0,,,0,0,2,0.0,0.0,0.0,0.0,2101,-1020,time=--------------.---;,;SIEMENS;Head_SAFIRE,1,1,-0.0,1.0,-0.0,112.779296875,85.220703125,-495.0,"[-0.44140625, -0.0, 0.0, 112.779296875]","[-0.0, 0.44140625, 0.0, 85.220703125]","[0.0, -0.0, 5.0, -495.0]",,n+1
