filename,aux_file,bitpix,cal_max,cal_min,data_type,datatype,db_name,descrip,dim,dim_info,extents,glmax,glmin,intent_code,intent_name,intent_p1,intent_p2,intent_p3,magic,pixdim,qform_code,qoffset_x,qoffset_y,qoffset_z,quatern_b,quatern_c,quatern_d,regular,scl_inter,scl_slope,session_error,sform_code,sizeof_hdr,slice_code,slice_duration,slice_end,slice_start,srow_x,srow_y,srow_z,toffset,vox_offset,xyzt_units
ID_0237f3c9_ID_40015688b9.nii.gz,b'',16,0.0,0.0,b'',512,b'',b'',"[3, 512, 512, 28, 1, 1, 1, 1]",0,0,0,0,0,b'',0.0,0.0,0.0,b'n+1',"[-1.0, 0.4882810115814209, 0.4882810115814209, 5.288000106811523, 0.0, 0.0, 0.0, 0.0]",1,125.0,-96.02786254882812,-63.314971923828125,-0.0,0.9862856268882751,0.16504746675491333,b'r',nan,nan,0,0,348,0,0.0,0,0,"[0.0, 0.0, 0.0, 0.0]","[0.0, 0.0, 0.0, 0.0]","[0.0, 0.0, 0.0, 0.0]",0.0,0.0,2
ID_029ebbea_ID_563afa0901.nii.gz,b'',16,0.0,0.0,b'',512,b'',b'',"[3, 512, 512, 28, 1, 1, 1, 1]",0,0,0,0,0,b'',0.0,0.0,0.0,b'n+1',"[-1.0, 0.4882810115814209, 0.4882810115814209, 5.392673492431641, 0.0, 0.0, 0.0, 0.0]",1,125.0,-113.94509887695312,-39.41439437866211,-0.0,0.9816271662712097,0.19080916047096252,b'r',nan,nan,0,0,348,0,0.0,0,0,"[0.0, 0.0, 0.0, 0.0]","[0.0, 0.0, 0.0, 0.0]","[0.0, 0.0, 0.0, 0.0]",0.0,0.0,2
ID_02b882cc_ID_a4892e60ae.nii.gz,b'',16,0.0,0.0,b'',512,b'',b'',"[3, 512, 512, 32, 1, 1, 1, 1]",0,0,0,0,0,b'',0.0,0.0,0.0,b'n+1',"[-1.0, 0.4882810115814209, 0.4882810115814209, 5.392673492431641, 0.0, 0.0, 0.0, 0.0]",1,125.0,-136.74510192871094,-57.29619216918945,-0.0,0.9816271662712097,0.19080916047096252,b'r',nan,nan,0,0,348,0,0.0,0,0,"[0.0, 0.0, 0.0, 0.0]","[0.0, 0.0, 0.0, 0.0]","[0.0, 0.0, 0.0, 0.0]",0.0,0.0,2
ID_02f779fb_ID_c4d7f33559.nii.gz,b'',16,0.0,0.0,b'',512,b'',b'',"[3, 512, 512, 31, 1, 1, 1, 1]",0,0,0,0,0,b'',0.0,0.0,0.0,b'n+1',"[-1.0, 0.48828125, 0.48828125, 5.0, 0.0, 0.0, 0.0, 0.0]",1,125.0,-259.51171875,96.5999755859375,-0.0,1.0,0.0,b'r',nan,nan,0,0,348,0,0.0,0,0,"[0.0, 0.0, 0.0, 0.0]","[0.0, 0.0, 0.0, 0.0]","[0.0, 0.0, 0.0, 0.0]",0.0,0.0,2
ID_041e6601_ID_1fa1d20bba.nii.gz,b'',16,0.0,0.0,b'',512,b'',b'',"[3, 512, 512, 32, 1, 1, 1, 1]",0,0,0,0,0,b'',0.0,0.0,0.0,b'n+1',"[-1.0, 0.390625, 0.390625, 5.0, 0.0, 0.0, 0.0, 0.0]",1,113.0,-230.3093719482422,60.31999969482422,-0.0,1.0,0.0,b'r',nan,nan,0,0,348,0,0.0,0,0,"[0.0, 0.0, 0.0, 0.0]","[0.0, 0.0, 0.0, 0.0]","[0.0, 0.0, 0.0, 0.0]",0.0,0.0,2
ID_0492041f_ID_b4fcf2f799.nii.gz,b'',16,0.0,0.0,b'',512,b'',b'',"[3, 512, 512, 36, 1, 1, 1, 1]",0,0,0,0,0,b'',0.0,0.0,0.0,b'n+1',"[-1.0, 0.4882810115814209, 0.4882810115814209, 5.027002334594727, 0.0, 0.0, 0.0, 0.0]",1,125.0,-142.9297637939453,-61.271949768066406,-0.0,0.9986295700073242,0.05233572795987129,b'r',nan,nan,0,0,348,0,0.0,0,0,"[0.0, 0.0, 0.0, 0.0]","[0.0, 0.0, 0.0, 0.0]","[0.0, 0.0, 0.0, 0.0]",0.0,0.0,2
ID_05331dc6_ID_47213b7e2e.nii.gz,b'',16,0.0,0.0,b'',512,b'',b'',"[3, 512, 512, 32, 1, 1, 1, 1]",0,0,0,0,0,b'',0.0,0.0,0.0,b'n+1',"[-1.0, 0.4882810115814209, 0.4882810115814209, 5.392673492431641, 0.0, 0.0, 0.0, 0.0]",1,125.0,-123.64509582519531,-45.70594787597656,-0.0,0.9816271662712097,0.19080916047096252,b'r',nan,nan,0,0,348,0,0.0,0,0,"[0.0, 0.0, 0.0, 0.0]","[0.0, 0.0, 0.0, 0.0]","[0.0, 0.0, 0.0, 0.0]",0.0,0.0,2
ID_07365cde_ID_8e661b8f07.nii.gz,b'',16,0.0,0.0,b'',512,b'',b'',"[3, 512, 512, 30, 1, 1, 1, 1]",0,0,0,0,0,b'',0.0,0.0,0.0,b'n+1',"[-1.0, 0.48828125, 0.48828125, 5.47314453125, 0.0, 0.0, 0.0, 0.0]",1,125.0,-261.3897399902344,33.269752502441406,-0.0,0.9781476259231567,0.20791170001029968,b'r',nan,nan,0,0,348,0,0.0,0,0,"[0.0, 0.0, 0.0, 0.0]","[0.0, 0.0, 0.0, 0.0]","[0.0, 0.0, 0.0, 0.0]",0.0,0.0,2
ID_089596a9_ID_ea71b57820.nii.gz,b'',16,0.0,0.0,b'',512,b'',b'',"[3, 512, 512, 40, 1, 1, 1, 1]",0,0,0,0,0,b'',0.0,0.0,0.0,b'n+1',"[-1.0, 0.4882810115814209, 0.4882810115814209, 2.500001907348633, 0.0, 0.0, 0.0, 0.0]",1,153.5,-100.40263366699219,-38.043514251708984,-0.0,0.9969796538352966,0.07766339182853699,b'r',nan,nan,0,0,348,0,0.0,0,0,"[0.0, 0.0, 0.0, 0.0]","[0.0, 0.0, 0.0, 0.0]","[0.0, 0.0, 0.0, 0.0]",0.0,0.0,2
ID_09b33fc4_ID_bcd322d4ed.nii.gz,b'',16,0.0,0.0,b'',512,b'',b'',"[3, 512, 512, 28, 1, 1, 1, 1]",0,0,0,0,0,b'',0.0,0.0,0.0,b'n+1',"[-1.0, 0.48828125, 0.48828125, 6.0, 0.0, 0.0, 0.0, 0.0]",1,125.0,-258.0598449707031,1104.934814453125,-0.0,0.9743700623512268,0.22495105862617493,b'r',nan,nan,0,0,348,0,0.0,0,0,"[0.0, 0.0, 0.0, 0.0]","[0.0, 0.0, 0.0, 0.0]","[0.0, 0.0, 0.0, 0.0]",0.0,0.0,2
ID_0b10cbee_ID_f91d6a7cd2.nii.gz,b'',16,0.0,0.0,b'',512,b'',b'',"[3, 512, 512, 32, 1, 1, 1, 1]",0,0,0,0,0,b'',0.0,0.0,0.0,b'n+1',"[-1.0, 0.4882810115814209, 0.4882810115814209, 5.228458404541016, 0.0, 0.0, 0.0, 0.0]",1,134.3000030517578,-115.47100830078125,-59.053077697753906,-0.0,0.9890158176422119,0.1478094905614853,b'r',nan,nan,0,1,348,0,0.0,0,0,"[-0.4882810115814209, -0.0, 0.0, 134.3000030517578]","[-0.0, 0.46694543957710266, -1.5286540985107422, -115.47100830078125]","[0.0, 0.14275963604450226, 4.999999523162842, -59.053077697753906]",0.0,0.0,2
ID_0c3eef60_ID_6994ad7df0.nii.gz,b'',16,0.0,0.0,b'',512,b'',b'',"[3, 512, 512, 35, 1, 1, 1, 1]",0,0,0,0,0,b'',0.0,0.0,0.0,b'n+1',"[-1.0, 0.427734375, 0.427734375, 5.0, 0.0, 0.0, 0.0, 0.0]",1,109.5,-224.072265625,51.5,-0.0,1.0,0.0,b'r',nan,nan,0,0,348,0,0.0,0,0,"[0.0, 0.0, 0.0, 0.0]","[0.0, 0.0, 0.0, 0.0]","[0.0, 0.0, 0.0, 0.0]",0.0,0.0,2
ID_0c6b97a9_ID_6011bb9ce8.nii.gz,b'',16,0.0,0.0,b'',512,b'',b'',"[3, 512, 512, 32, 1, 1, 1, 1]",0,0,0,0,0,b'',0.0,0.0,0.0,b'n+1',"[-1.0, 0.4882810115814209, 0.4882810115814209, 5.243000030517578, 0.0, 0.0, 0.0, 0.0]",1,125.0,-104.74842834472656,-57.277626037597656,-0.0,0.9883614778518677,0.15212349593639374,b'r',nan,nan,0,0,348,0,0.0,0,0,"[0.0, 0.0, 0.0, 0.0]","[0.0, 0.0, 0.0, 0.0]","[0.0, 0.0, 0.0, 0.0]",0.0,0.0,2
ID_10beb45f_ID_7184e80f09.nii.gz,b'',16,0.0,0.0,b'',512,b'',b'',"[3, 512, 512, 28, 1, 1, 1, 1]",0,0,0,0,0,b'',0.0,0.0,0.0,b'n+1',"[-1.0, 0.4882810115814209, 0.4882810115814209, 5.062324523925781, 0.0, 0.0, 0.0, 0.0]",1,125.0,-123.97868347167969,9.363807678222656,-0.0,0.9969173669815063,0.07845889031887054,b'r',nan,nan,0,0,348,0,0.0,0,0,"[0.0, 0.0, 0.0, 0.0]","[0.0, 0.0, 0.0, 0.0]","[0.0, 0.0, 0.0, 0.0]",0.0,0.0,2
ID_10c64d22_ID_4c9aad31ca.nii.gz,b'',16,0.0,0.0,b'',512,b'',b'',"[3, 512, 512, 32, 1, 1, 1, 1]",0,0,0,0,0,b'',0.0,0.0,0.0,b'n+1',"[-1.0, 0.48828125, 0.48828125, 5.45220947265625, 0.0, 0.0, 0.0, 0.0]",1,131.0,-279.21014404296875,-222.45050048828125,-0.0,0.9799246788024902,0.19936791062355042,b'r',nan,nan,0,0,348,0,0.0,0,0,"[0.0, 0.0, 0.0, 0.0]","[0.0, 0.0, 0.0, 0.0]","[0.0, 0.0, 0.0, 0.0]",0.0,0.0,2
ID_14058625_ID_527c581583.nii.gz,b'',16,0.0,0.0,b'',512,b'',b'',"[3, 512, 512, 36, 1, 1, 1, 1]",0,0,0,0,0,b'',0.0,0.0,0.0,b'n+1',"[-1.0, 0.48828125, 0.48828125, 5.0, 0.0, 0.0, 0.0, 0.0]",1,125.0,-265.51171875,-294.9000244140625,-0.0,1.0,0.0,b'r',nan,nan,0,0,348,0,0.0,0,0,"[0.0, 0.0, 0.0, 0.0]","[0.0, 0.0, 0.0, 0.0]","[0.0, 0.0, 0.0, 0.0]",0.0,0.0,2
ID_1653b22b_ID_c35cd0de73.nii.gz,b'',16,0.0,0.0,b'',512,b'',b'',"[3, 512, 512, 32, 1, 1, 1, 1]",0,0,0,0,0,b'',0.0,0.0,0.0,b'n+1',"[-1.0, 0.4882810115814209, 0.4882810115814209, 5.243000030517578, 0.0, 0.0, 0.0, 0.0]",1,125.0,-117.14842224121094,-78.9366226196289,-0.0,0.9883614778518677,0.15212349593639374,b'r',nan,nan,0,0,348,0,0.0,0,0,"[0.0, 0.0, 0.0, 0.0]","[0.0, 0.0, 0.0, 0.0]","[0.0, 0.0, 0.0, 0.0]",0.0,0.0,2
ID_16ed917a_ID_145f184354.nii.gz,b'',16,0.0,0.0,b'',512,b'',b'',"[3, 512, 512, 32, 1, 1, 1, 1]",0,0,0,0,0,b'',0.0,0.0,0.0,b'n+1',"[-1.0, 0.4882810115814209, 0.4882810115814209, 5.176000595092773, 0.0, 0.0, 0.0, 0.0]",1,125.0,-120.26869201660156,-32.72633361816406,-0.0,0.9914448857307434,0.13052615523338318,b'r',nan,nan,0,0,348,0,0.0,0,0,"[0.0, 0.0, 0.0, 0.0]","[0.0, 0.0, 0.0, 0.0]","[0.0, 0.0, 0.0, 0.0]",0.0,0.0,2
ID_181aab15_ID_062634d043.nii.gz,b'',16,0.0,0.0,b'',512,b'',b'',"[3, 512, 512, 28, 1, 1, 1, 1]",0,0,0,0,0,b'',0.0,0.0,0.0,b'n+1',"[-1.0, 0.4882810115814209, 0.4882810115814209, 5.019999980926514, 0.0, 0.0, 0.0, 0.0]",1,125.0,-124.03811645507812,-24.60242462158203,-0.0,0.9990482330322266,0.04361949488520622,b'r',nan,nan,0,0,348,0,0.0,0,0,"[0.0, 0.0, 0.0, 0.0]","[0.0, 0.0, 0.0, 0.0]","[0.0, 0.0, 0.0, 0.0]",0.0,0.0,2
ID_18747540_ID_1eb1de9633.nii.gz,b'',16,0.0,0.0,b'',512,b'',b'',"[3, 512, 512, 34, 1, 1, 1, 1]",0,0,0,0,0,b'',0.0,0.0,0.0,b'n+1',"[-1.0, 0.4882810115814209, 0.4882810115814209, 5.0, 0.0, 0.0, 0.0, 0.0]",1,125.0,-133.3115997314453,-6.25,-0.0,1.0,0.0,b'r',nan,nan,0,0,348,0,0.0,0,0,"[0.0, 0.0, 0.0, 0.0]","[0.0, 0.0, 0.0, 0.0]","[0.0, 0.0, 0.0, 0.0]",0.0,0.0,2
ID_1879071b_ID_4b8e1377e7.nii.gz,b'',16,0.0,0.0,b'',512,b'',b'',"[3, 512, 512, 38, 1, 1, 1, 1]",0,0,0,0,0,b'',0.0,0.0,0.0,b'n+1',"[-1.0, 0.4948999881744385, 0.4948999881744385, 5.0, 0.0, 0.0, 0.0, 0.0]",1,126.43800354003906,-126.45588684082031,-522.8709716796875,-0.0,1.0,0.0,b'r',nan,nan,0,0,348,0,0.0,0,0,"[0.0, 0.0, 0.0, 0.0]","[0.0, 0.0, 0.0, 0.0]","[0.0, 0.0, 0.0, 0.0]",0.0,0.0,2
ID_196704db_ID_4eb6296376.nii.gz,b'',16,0.0,0.0,b'',512,b'',b'',"[3, 512, 512, 32, 1, 1, 1, 1]",0,0,0,0,0,b'',0.0,0.0,0.0,b'n+1',"[-1.0, 0.412109375, 0.412109375, 5.0, 0.0, 0.0, 0.0, 0.0]",1,105.5,-223.087890625,80.0,-0.0,1.0,0.0,b'r',nan,nan,0,0,348,0,0.0,0,0,"[0.0, 0.0, 0.0, 0.0]","[0.0, 0.0, 0.0, 0.0]","[0.0, 0.0, 0.0, 0.0]",0.0,0.0,2
ID_199b0a56_ID_09e623e993.nii.gz,b'',16,0.0,0.0,b'',512,b'',b'',"[3, 512, 512, 38, 1, 1, 1, 1]",0,0,0,0,0,b'',0.0,0.0,0.0,b'n+1',"[-1.0, 0.4882810115814209, 0.4882810115814209, 2.5, 0.0, 0.0, 0.0, 0.0]",1,125.0,-105.31159973144531,51.75,-0.0,1.0,0.0,b'r',nan,nan,0,0,348,0,0.0,0,0,"[0.0, 0.0, 0.0, 0.0]","[0.0, 0.0, 0.0, 0.0]","[0.0, 0.0, 0.0, 0.0]",0.0,0.0,2
ID_19d26713_ID_9f54cdc920.nii.gz,b'',16,0.0,0.0,b'',512,b'',b'',"[3, 512, 512, 32, 1, 1, 1, 1]",0,0,0,0,0,b'',0.0,0.0,0.0,b'n+1',"[-1.0, 0.4882810115814209, 0.4882810115814209, 5.153000354766846, 0.0, 0.0, 0.0, 0.0]",1,125.0,-130.113037109375,-69.19132995605469,-0.0,0.9925461411476135,0.12186936289072037,b'r',nan,nan,0,0,348,0,0.0,0,0,"[0.0, 0.0, 0.0, 0.0]","[0.0, 0.0, 0.0, 0.0]","[0.0, 0.0, 0.0, 0.0]",0.0,0.0,2
ID_1cbe2853_ID_37afefdc7c.nii.gz,b'',16,0.0,0.0,b'',512,b'',b'',"[3, 512, 512, 32, 1, 1, 1, 1]",0,0,0,0,0,b'',0.0,0.0,0.0,b'n+1',"[-1.0, 0.4882810115814209, 0.4882810115814209, 5.303999423980713, 0.0, 0.0, 0.0, 0.0]",1,125.0,-132.969970703125,-76.586669921875,-0.0,0.9855560660362244,0.16934947669506073,b'r',nan,nan,0,0,348,0,0.0,0,0,"[0.0, 0.0, 0.0, 0.0]","[0.0, 0.0, 0.0, 0.0]","[0.0, 0.0, 0.0, 0.0]",0.0,0.0,2
ID_2334b45f_ID_9f31e831ac.nii.gz,b'',16,0.0,0.0,b'',512,b'',b'',"[3, 512, 512, 42, 1, 1, 1, 1]",0,0,0,0,0,b'',0.0,0.0,0.0,b'n+1',"[-1.0, 0.4947509765625, 0.4947509765625, 5.0, 0.0, 0.0, 0.0, 0.0]",1,126.40887451171875,-126.40887451171875,-381.9804382324219,-0.0,1.0,0.0,b'r',nan,nan,0,0,348,0,0.0,0,0,"[0.0, 0.0, 0.0, 0.0]","[0.0, 0.0, 0.0, 0.0]","[0.0, 0.0, 0.0, 0.0]",0.0,0.0,2
ID_253e809f_ID_095d8c391f.nii.gz,b'',16,0.0,0.0,b'',512,b'',b'',"[3, 512, 512, 30, 1, 1, 1, 1]",0,0,0,0,0,b'',0.0,0.0,0.0,b'n+1',"[-1.0, 0.4948999881744385, 0.4948999881744385, 5.0, 0.0, 0.0, 0.0, 0.0]",1,126.43800354003906,-126.45588684082031,2.5,-0.0,1.0,0.0,b'r',nan,nan,0,0,348,0,0.0,0,0,"[0.0, 0.0, 0.0, 0.0]","[0.0, 0.0, 0.0, 0.0]","[0.0, 0.0, 0.0, 0.0]",0.0,0.0,2
ID_268b38fe_ID_d747ae3ffb.nii.gz,b'',16,0.0,0.0,b'',512,b'',b'',"[3, 512, 512, 32, 1, 1, 1, 1]",0,0,0,0,0,b'',0.0,0.0,0.0,b'n+1',"[-1.0, 0.408203125, 0.408203125, 5.0, 0.0, 0.0, 0.0, 0.0]",1,104.5,-209.091796875,71.0,-0.0,1.0,0.0,b'r',nan,nan,0,0,348,0,0.0,0,0,"[0.0, 0.0, 0.0, 0.0]","[0.0, 0.0, 0.0, 0.0]","[0.0, 0.0, 0.0, 0.0]",0.0,0.0,2
ID_2872834a_ID_542e9d00da.nii.gz,b'',16,0.0,0.0,b'',512,b'',b'',"[3, 512, 512, 32, 1, 1, 1, 1]",0,0,0,0,0,b'',0.0,0.0,0.0,b'n+1',"[-1.0, 0.443359375, 0.443359375, 5.21484375, 0.0, 0.0, 0.0, 0.0]",1,115.5,-251.23077392578125,82.00849151611328,-0.0,0.9902680516242981,0.13917312026023865,b'r',nan,nan,0,0,348,0,0.0,0,0,"[0.0, 0.0, 0.0, 0.0]","[0.0, 0.0, 0.0, 0.0]","[0.0, 0.0, 0.0, 0.0]",0.0,0.0,2
ID_2931ca43_ID_2a2b28e0ab.nii.gz,b'',16,0.0,0.0,b'',512,b'',b'',"[3, 512, 512, 32, 1, 1, 1, 1]",0,0,0,0,0,b'',0.0,0.0,0.0,b'n+1',"[-1.0, 0.4882810115814209, 0.4882810115814209, 5.1024322509765625, 0.0, 0.0, 0.0, 0.0]",1,125.0,-129.31198120117188,-53.55882263183594,-0.0,0.9949685335159302,0.10018808394670486,b'r',nan,nan,0,0,348,0,0.0,0,0,"[0.0, 0.0, 0.0, 0.0]","[0.0, 0.0, 0.0, 0.0]","[0.0, 0.0, 0.0, 0.0]",0.0,0.0,2
ID_2949cdc6_ID_dcb864c93f.nii.gz,b'',16,0.0,0.0,b'',512,b'',b'',"[3, 512, 512, 28, 1, 1, 1, 1]",0,0,0,0,0,b'',0.0,0.0,0.0,b'n+1',"[-1.0, 0.4882810115814209, 0.4882810115814209, 5.176380157470703, 0.0, 0.0, 0.0, 0.0]",1,125.0,-138.96896362304688,-23.44159698486328,-0.0,0.9914448857307434,0.1305261254310608,b'r',nan,nan,0,0,348,0,0.0,0,0,"[0.0, 0.0, 0.0, 0.0]","[0.0, 0.0, 0.0, 0.0]","[0.0, 0.0, 0.0, 0.0]",0.0,0.0,2
ID_2a42d0a0_ID_5fdc3fb915.nii.gz,b'',16,0.0,0.0,b'',512,b'',b'',"[3, 512, 512, 32, 1, 1, 1, 1]",0,0,0,0,0,b'',0.0,0.0,0.0,b'n+1',"[-1.0, 0.48828125, 0.48828125, 5.2724609375, 0.0, 0.0, 0.0, 0.0]",1,125.0,-269.1726989746094,70.1925048828125,-0.0,0.9876883625984192,0.15643444657325745,b'r',nan,nan,0,0,348,0,0.0,0,0,"[0.0, 0.0, 0.0, 0.0]","[0.0, 0.0, 0.0, 0.0]","[0.0, 0.0, 0.0, 0.0]",0.0,0.0,2
ID_2db7ee14_ID_2591d00dfc.nii.gz,b'',16,0.0,0.0,b'',512,b'',b'',"[3, 512, 512, 37, 1, 1, 1, 1]",0,0,0,0,0,b'',0.0,0.0,0.0,b'n+1',"[-1.0, 0.431640625, 0.431640625, 5.0, 0.0, 0.0, 0.0, 0.0]",1,110.5,-231.068359375,1069.800048828125,-0.0,1.0,0.0,b'r',nan,nan,0,0,348,0,0.0,0,0,"[0.0, 0.0, 0.0, 0.0]","[0.0, 0.0, 0.0, 0.0]","[0.0, 0.0, 0.0, 0.0]",0.0,0.0,2
ID_2db7ee14_ID_f27e38fdfd.nii.gz,b'',16,0.0,0.0,b'',512,b'',b'',"[3, 512, 512, 34, 1, 1, 1, 1]",0,0,0,0,0,b'',0.0,0.0,0.0,b'n+1',"[-1.0, 0.4375, 0.4375, 5.0, 0.0, 0.0, 0.0, 0.0]",1,112.0,-236.5625,99.5999755859375,-0.0,1.0,0.0,b'r',nan,nan,0,0,348,0,0.0,0,0,"[0.0, 0.0, 0.0, 0.0]","[0.0, 0.0, 0.0, 0.0]","[0.0, 0.0, 0.0, 0.0]",0.0,0.0,2
ID_2e21c3f3_ID_bc8f99a0cc.nii.gz,b'',16,0.0,0.0,b'',512,b'',b'',"[3, 512, 512, 32, 1, 1, 1, 1]",0,0,0,0,0,b'',0.0,0.0,0.0,b'n+1',"[-1.0, 0.4882810115814209, 0.4882810115814209, 5.043144226074219, 0.0, 0.0, 0.0, 0.0]",1,125.0,-136.8463897705078,-7.861118316650391,-0.0,0.9978589415550232,0.0654030293226242,b'r',nan,nan,0,0,348,0,0.0,0,0,"[0.0, 0.0, 0.0, 0.0]","[0.0, 0.0, 0.0, 0.0]","[0.0, 0.0, 0.0, 0.0]",0.0,0.0,2
ID_30d19531_ID_cf607a5cd7.nii.gz,b'',16,0.0,0.0,b'',512,b'',b'',"[3, 512, 512, 32, 1, 1, 1, 1]",0,0,0,0,0,b'',0.0,0.0,0.0,b'n+1',"[-1.0, 0.4882810115814209, 0.4882810115814209, 5.392999649047852, 0.0, 0.0, 0.0, 0.0]",1,109.5,-142.945068359375,-87.75375366210938,-0.0,0.9816271662712097,0.19080916047096252,b'r',nan,nan,0,0,348,0,0.0,0,0,"[0.0, 0.0, 0.0, 0.0]","[0.0, 0.0, 0.0, 0.0]","[0.0, 0.0, 0.0, 0.0]",0.0,0.0,2
ID_3343ddf2_ID_fddff2e9c1.nii.gz,b'',16,0.0,0.0,b'',512,b'',b'',"[3, 512, 512, 24, 1, 1, 1, 1]",0,0,0,0,0,b'',0.0,0.0,0.0,b'n+1',"[-1.0, 0.58203125, 0.58203125, 6.1578369140625, 0.0, 0.0, 0.0, 0.0]",1,149.0,-254.10142517089844,16.79937744140625,-0.0,0.9935718774795532,0.11320321261882782,b'r',nan,nan,0,0,348,0,0.0,0,0,"[0.0, 0.0, 0.0, 0.0]","[0.0, 0.0, 0.0, 0.0]","[0.0, 0.0, 0.0, 0.0]",0.0,0.0,2
ID_338738e7_ID_0808281b2a.nii.gz,b'',16,0.0,0.0,b'',512,b'',b'',"[3, 512, 512, 28, 1, 1, 1, 1]",0,0,0,0,0,b'',0.0,0.0,0.0,b'n+1',"[-1.0, 0.4882810115814209, 0.4882810115814209, 5.176380157470703, 0.0, 0.0, 0.0, 0.0]",1,125.0,-133.76895141601562,-21.068260192871094,-0.0,0.9914448857307434,0.1305261254310608,b'r',nan,nan,0,0,348,0,0.0,0,0,"[0.0, 0.0, 0.0, 0.0]","[0.0, 0.0, 0.0, 0.0]","[0.0, 0.0, 0.0, 0.0]",0.0,0.0,2
ID_346de481_ID_2e8fea0d9a.nii.gz,b'',16,0.0,0.0,b'',512,b'',b'',"[3, 512, 512, 32, 1, 1, 1, 1]",0,0,0,0,0,b'',0.0,0.0,0.0,b'n+1',"[-1.0, 0.48828125, 0.48828125, 5.516845703125, 0.0, 0.0, 0.0, 0.0]",1,130.0,-291.8440856933594,79.94182586669922,-0.0,0.9762960076332092,0.2164396196603775,b'r',nan,nan,0,0,348,0,0.0,0,0,"[0.0, 0.0, 0.0, 0.0]","[0.0, 0.0, 0.0, 0.0]","[0.0, 0.0, 0.0, 0.0]",0.0,0.0,2
ID_39702b69_ID_167ab8c629.nii.gz,b'',16,0.0,0.0,b'',512,b'',b'',"[3, 512, 512, 32, 1, 1, 1, 1]",0,0,0,0,0,b'',0.0,0.0,0.0,b'n+1',"[-1.0, 0.48828125, 0.48828125, 5.47314453125, 0.0, 0.0, 0.0, 0.0]",1,151.0,-267.52520751953125,50.30248260498047,-0.0,0.9781476259231567,0.20791170001029968,b'r',nan,nan,0,0,348,0,0.0,0,0,"[0.0, 0.0, 0.0, 0.0]","[0.0, 0.0, 0.0, 0.0]","[0.0, 0.0, 0.0, 0.0]",0.0,0.0,2
ID_39bdd84b_ID_a318f304e4.nii.gz,b'',16,0.0,0.0,b'',512,b'',b'',"[3, 512, 512, 30, 1, 1, 1, 1]",0,0,0,0,0,b'',0.0,0.0,0.0,b'n+1',"[-1.0, 0.49486300349235535, 0.49486300349235535, 5.0, 0.0, 0.0, 0.0, 0.0]",1,126.4373779296875,-126.4376220703125,-2.5,-0.0,1.0,0.0,b'r',nan,nan,0,0,348,0,0.0,0,0,"[0.0, 0.0, 0.0, 0.0]","[0.0, 0.0, 0.0, 0.0]","[0.0, 0.0, 0.0, 0.0]",0.0,0.0,2
ID_39e94772_ID_f1a5ef6a24.nii.gz,b'',16,0.0,0.0,b'',512,b'',b'',"[3, 512, 512, 36, 1, 1, 1, 1]",0,0,0,0,0,b'',0.0,0.0,0.0,b'n+1',"[-1.0, 0.4882810115814209, 0.4882810115814209, 2.607372283935547, 0.0, 0.0, 0.0, 0.0]",1,125.0,-117.2842025756836,-10.99105453491211,-0.0,0.9896514415740967,0.1434924155473709,b'r',nan,nan,0,0,348,0,0.0,0,0,"[0.0, 0.0, 0.0, 0.0]","[0.0, 0.0, 0.0, 0.0]","[0.0, 0.0, 0.0, 0.0]",0.0,0.0,2
ID_3bda60be_ID_067209cc9a.nii.gz,b'',16,0.0,0.0,b'',512,b'',b'',"[3, 512, 512, 40, 1, 1, 1, 1]",0,0,0,0,0,b'',0.0,0.0,0.0,b'n+1',"[-1.0, 0.4882810115814209, 0.4882810115814209, 2.6069984436035156, 0.0, 0.0, 0.0, 0.0]",1,125.0,-119.3846664428711,-52.36302185058594,-0.0,0.9896514415740967,0.1434924155473709,b'r',nan,nan,0,0,348,0,0.0,0,0,"[0.0, 0.0, 0.0, 0.0]","[0.0, 0.0, 0.0, 0.0]","[0.0, 0.0, 0.0, 0.0]",0.0,0.0,2
ID_3be7cc35_ID_cf2643c5a8.nii.gz,b'',16,0.0,0.0,b'',512,b'',b'',"[3, 512, 512, 36, 1, 1, 1, 1]",0,0,0,0,0,b'',0.0,0.0,0.0,b'n+1',"[-1.0, 0.4882810115814209, 0.4882810115814209, 2.5509986877441406, 0.0, 0.0, 0.0, 0.0]",1,125.0,-128.21156311035156,-17.584613800048828,-0.0,0.9949685335159302,0.10018806159496307,b'r',nan,nan,0,0,348,0,0.0,0,0,"[0.0, 0.0, 0.0, 0.0]","[0.0, 0.0, 0.0, 0.0]","[0.0, 0.0, 0.0, 0.0]",0.0,0.0,2
ID_3dab46e7_ID_e837f87e46.nii.gz,b'',16,0.0,0.0,b'',512,b'',b'',"[3, 512, 512, 30, 1, 1, 1, 1]",0,0,0,0,0,b'',0.0,0.0,0.0,b'n+1',"[-1.0, 0.46875, 0.46875, 5.1314697265625, 0.0, 0.0, 0.0, 0.0]",1,120.0,-248.59580993652344,64.99211120605469,-0.0,0.9935718774795532,0.11320321261882782,b'r',nan,nan,0,0,348,0,0.0,0,0,"[0.0, 0.0, 0.0, 0.0]","[0.0, 0.0, 0.0, 0.0]","[0.0, 0.0, 0.0, 0.0]",0.0,0.0,2
ID_3e481fc5_ID_750530c215.nii.gz,b'',16,0.0,0.0,b'',512,b'',b'',"[3, 512, 512, 32, 1, 1, 1, 1]",0,0,0,0,0,b'',0.0,0.0,0.0,b'n+1',"[-1.0, 0.4882810115814209, 0.4882810115814209, 5.392673015594482, 0.0, 0.0, 0.0, 0.0]",1,113.0999984741211,-114.94509887695312,-93.19091796875,-0.0,0.9816271662712097,0.19080916047096252,b'r',nan,nan,0,0,348,0,0.0,0,0,"[0.0, 0.0, 0.0, 0.0]","[0.0, 0.0, 0.0, 0.0]","[0.0, 0.0, 0.0, 0.0]",0.0,0.0,2
ID_41a55df8_ID_ca0abe844a.nii.gz,b'',16,0.0,0.0,b'',512,b'',b'',"[3, 512, 512, 34, 1, 1, 1, 1]",0,0,0,0,0,b'',0.0,0.0,0.0,b'n+1',"[-1.0, 0.447265625, 0.447265625, 5.0, 0.0, 0.0, 0.0, 0.0]",1,114.5,-237.052734375,95.0,-0.0,1.0,0.0,b'r',nan,nan,0,0,348,0,0.0,0,0,"[0.0, 0.0, 0.0, 0.0]","[0.0, 0.0, 0.0, 0.0]","[0.0, 0.0, 0.0, 0.0]",0.0,0.0,2
ID_4681a956_ID_5b133aa2c0.nii.gz,b'',16,0.0,0.0,b'',512,b'',b'',"[3, 512, 512, 28, 1, 1, 1, 1]",0,0,0,0,0,b'',0.0,0.0,0.0,b'n+1',"[-1.0, 0.4882810115814209, 0.4882810115814209, 5.392677307128906, 0.0, 0.0, 0.0, 0.0]",1,125.0,-108.74510192871094,-39.68595886230469,-0.0,0.9816271662712097,0.19080916047096252,b'r',nan,nan,0,0,348,0,0.0,0,0,"[0.0, 0.0, 0.0, 0.0]","[0.0, 0.0, 0.0, 0.0]","[0.0, 0.0, 0.0, 0.0]",0.0,0.0,2
ID_46cd34ad_ID_3003623499.nii.gz,b'',16,0.0,0.0,b'',512,b'',b'',"[3, 512, 512, 32, 1, 1, 1, 1]",0,0,0,0,0,b'',0.0,0.0,0.0,b'n+1',"[-1.0, 0.4947509765625, 0.4947509765625, 5.0, 0.0, 0.0, 0.0, 0.0]",1,126.40887451171875,-126.40887451171875,-258.7020263671875,-0.0,1.0,0.0,b'r',nan,nan,0,0,348,0,0.0,0,0,"[0.0, 0.0, 0.0, 0.0]","[0.0, 0.0, 0.0, 0.0]","[0.0, 0.0, 0.0, 0.0]",0.0,0.0,2
ID_47aa2b3a_ID_95a9953aba.nii.gz,b'',16,0.0,0.0,b'',512,b'',b'',"[3, 512, 512, 24, 1, 1, 1, 1]",0,0,0,0,0,b'',0.0,0.0,0.0,b'n+1',"[-1.0, 0.48828125, 0.48828125, 6.5181884765625, 0.0, 0.0, 0.0, 0.0]",1,133.0,-290.295654296875,581.8276977539062,-0.0,0.9799246788024902,0.19936791062355042,b'r',nan,nan,0,0,348,0,0.0,0,0,"[0.0, 0.0, 0.0, 0.0]","[0.0, 0.0, 0.0, 0.0]","[0.0, 0.0, 0.0, 0.0]",0.0,0.0,2
ID_495ac92a_ID_4daa7b9cc7.nii.gz,b'',16,0.0,0.0,b'',512,b'',b'',"[3, 512, 512, 38, 1, 1, 1, 1]",0,0,0,0,0,b'',0.0,0.0,0.0,b'n+1',"[-1.0, 0.4947509765625, 0.4947509765625, 5.0, 0.0, 0.0, 0.0, 0.0]",1,126.40887451171875,-126.40887451171875,-360.2776794433594,-0.0,1.0,0.0,b'r',nan,nan,0,0,348,0,0.0,0,0,"[0.0, 0.0, 0.0, 0.0]","[0.0, 0.0, 0.0, 0.0]","[0.0, 0.0, 0.0, 0.0]",0.0,0.0,2
ID_4a16396b_ID_1f3e0c2c5c.nii.gz,b'',16,0.0,0.0,b'',512,b'',b'',"[3, 512, 512, 30, 1, 1, 1, 1]",0,0,0,0,0,b'',0.0,0.0,0.0,b'n+1',"[-1.0, 0.48828125, 0.48828125, 5.0, 0.0, 0.0, 0.0, 0.0]",1,125.0,-280.51171875,122.9000244140625,-0.0,1.0,0.0,b'r',nan,nan,0,0,348,0,0.0,0,0,"[0.0, 0.0, 0.0, 0.0]","[0.0, 0.0, 0.0, 0.0]","[0.0, 0.0, 0.0, 0.0]",0.0,0.0,2
ID_4e227c9c_ID_d8607fa88e.nii.gz,b'',16,0.0,0.0,b'',512,b'',b'',"[3, 512, 512, 30, 1, 1, 1, 1]",0,0,0,0,0,b'',0.0,0.0,0.0,b'n+1',"[-1.0, 0.431640625, 0.431640625, 5.16455078125, 0.0, 0.0, 0.0, 0.0]",1,110.5,-245.1510467529297,27.213687896728516,-0.0,0.9925461411476135,0.12186936289072037,b'r',nan,nan,0,0,348,0,0.0,0,0,"[0.0, 0.0, 0.0, 0.0]","[0.0, 0.0, 0.0, 0.0]","[0.0, 0.0, 0.0, 0.0]",0.0,0.0,2
ID_4e25e744_ID_b0275c19cd.nii.gz,b'',16,0.0,0.0,b'',512,b'',b'',"[3, 512, 512, 34, 1, 1, 1, 1]",0,0,0,0,0,b'',0.0,0.0,0.0,b'n+1',"[-1.0, 0.49486300349235535, 0.49486300349235535, 5.0, 0.0, 0.0, 0.0, 0.0]",1,126.4373779296875,-126.4376220703125,-2.5,-0.0,1.0,0.0,b'r',nan,nan,0,0,348,0,0.0,0,0,"[0.0, 0.0, 0.0, 0.0]","[0.0, 0.0, 0.0, 0.0]","[0.0, 0.0, 0.0, 0.0]",0.0,0.0,2
ID_4ec93c83_ID_b76a4106f8.nii.gz,b'',16,0.0,0.0,b'',512,b'',b'',"[3, 512, 512, 46, 1, 1, 1, 1]",0,0,0,0,0,b'',0.0,0.0,0.0,b'n+1',"[-1.0, 0.4947509765625, 0.4947509765625, 5.0, 0.0, 0.0, 0.0, 0.0]",1,126.40887451171875,-126.40887451171875,-383.7663879394531,-0.0,1.0,0.0,b'r',nan,nan,0,0,348,0,0.0,0,0,"[0.0, 0.0, 0.0, 0.0]","[0.0, 0.0, 0.0, 0.0]","[0.0, 0.0, 0.0, 0.0]",0.0,0.0,2
ID_50b54af0_ID_fbeeed4370.nii.gz,b'',16,0.0,0.0,b'',512,b'',b'',"[3, 512, 512, 32, 1, 1, 1, 1]",0,0,0,0,0,b'',0.0,0.0,0.0,b'n+1',"[-1.0, 0.4947509765625, 0.4947509765625, 5.0, 0.0, 0.0, 0.0, 0.0]",1,126.40887451171875,-126.40887451171875,-2.476222038269043,-0.0,1.0,0.0,b'r',nan,nan,0,0,348,0,0.0,0,0,"[0.0, 0.0, 0.0, 0.0]","[0.0, 0.0, 0.0, 0.0]","[0.0, 0.0, 0.0, 0.0]",0.0,0.0,2
ID_5117f9bf_ID_14d96feecf.nii.gz,b'',16,0.0,0.0,b'',512,b'',b'',"[3, 512, 512, 36, 1, 1, 1, 1]",0,0,0,0,0,b'',0.0,0.0,0.0,b'n+1',"[-1.0, 0.431640625, 0.431640625, 5.0, 0.0, 0.0, 0.0, 0.0]",1,119.5,-226.068359375,316.7000732421875,-0.0,1.0,0.0,b'r',nan,nan,0,0,348,0,0.0,0,0,"[0.0, 0.0, 0.0, 0.0]","[0.0, 0.0, 0.0, 0.0]","[0.0, 0.0, 0.0, 0.0]",0.0,0.0,2
ID_552aabb9_ID_152fdcf86e.nii.gz,b'',16,0.0,0.0,b'',512,b'',b'',"[3, 512, 512, 30, 1, 1, 1, 1]",0,0,0,0,0,b'',0.0,0.0,0.0,b'n+1',"[-1.0, 0.40234375, 0.40234375, 5.0430908203125, 0.0, 0.0, 0.0, 0.0]",1,121.0,-238.2372283935547,95.88673400878906,-0.0,0.9981347918510437,0.061048537492752075,b'r',nan,nan,0,0,348,0,0.0,0,0,"[0.0, 0.0, 0.0, 0.0]","[0.0, 0.0, 0.0, 0.0]","[0.0, 0.0, 0.0, 0.0]",0.0,0.0,2
ID_55742eb7_ID_7d5ad548ca.nii.gz,b'',16,0.0,0.0,b'',512,b'',b'',"[3, 512, 512, 32, 1, 1, 1, 1]",0,0,0,0,0,b'',0.0,0.0,0.0,b'n+1',"[-1.0, 0.48828125, 0.48828125, 5.0, 0.0, 0.0, 0.0, 0.0]",1,125.0,-196.51171875,83.7000732421875,-0.0,1.0,0.0,b'r',nan,nan,0,0,348,0,0.0,0,0,"[0.0, 0.0, 0.0, 0.0]","[0.0, 0.0, 0.0, 0.0]","[0.0, 0.0, 0.0, 0.0]",0.0,0.0,2
ID_56983eda_ID_a1eb0918d6.nii.gz,b'',16,0.0,0.0,b'',512,b'',b'',"[3, 512, 512, 32, 1, 1, 1, 1]",0,0,0,0,0,b'',0.0,0.0,0.0,b'n+1',"[-1.0, 0.4882810115814209, 0.4882810115814209, 5.141999244689941, 0.0, 0.0, 0.0, 0.0]",1,125.0,-149.57159423828125,-45.90923309326172,-0.0,0.9930684566497803,0.11753721535205841,b'r',nan,nan,0,0,348,0,0.0,0,0,"[0.0, 0.0, 0.0, 0.0]","[0.0, 0.0, 0.0, 0.0]","[0.0, 0.0, 0.0, 0.0]",0.0,0.0,2
ID_56faaf6f_ID_dd8f688dff.nii.gz,b'',16,0.0,0.0,b'',512,b'',b'',"[3, 512, 512, 48, 1, 1, 1, 1]",0,0,0,0,0,b'',0.0,0.0,0.0,b'n+1',"[-1.0, 0.4882810115814209, 0.4882810115814209, 0.5, 0.0, 0.0, 0.0, 0.0]",1,125.0,-110.14714050292969,-44.040618896484375,-0.0,0.978147566318512,0.2079119235277176,b'r',nan,nan,0,0,348,0,0.0,0,0,"[0.0, 0.0, 0.0, 0.0]","[0.0, 0.0, 0.0, 0.0]","[0.0, 0.0, 0.0, 0.0]",0.0,0.0,2
ID_58d2ebfa_ID_76487f508f.nii.gz,b'',16,0.0,0.0,b'',512,b'',b'',"[3, 512, 512, 38, 1, 1, 1, 1]",0,0,0,0,0,b'',0.0,0.0,0.0,b'n+1',"[-1.0, 0.462890625, 0.462890625, 5.0, 0.0, 0.0, 0.0, 0.0]",1,118.5,-222.037109375,63.4000244140625,-0.0,1.0,0.0,b'r',nan,nan,0,0,348,0,0.0,0,0,"[0.0, 0.0, 0.0, 0.0]","[0.0, 0.0, 0.0, 0.0]","[0.0, 0.0, 0.0, 0.0]",0.0,0.0,2
ID_5910d129_ID_094eb98167.nii.gz,b'',16,0.0,0.0,b'',512,b'',b'',"[3, 512, 512, 34, 1, 1, 1, 1]",0,0,0,0,0,b'',0.0,0.0,0.0,b'n+1',"[-1.0, 0.4948999881744385, 0.4948999881744385, 5.0, 0.0, 0.0, 0.0, 0.0]",1,126.43800354003906,-126.45588684082031,2.5,-0.0,1.0,0.0,b'r',nan,nan,0,0,348,0,0.0,0,0,"[0.0, 0.0, 0.0, 0.0]","[0.0, 0.0, 0.0, 0.0]","[0.0, 0.0, 0.0, 0.0]",0.0,0.0,2
ID_596dfbc1_ID_fe7dab2602.nii.gz,b'',16,0.0,0.0,b'',512,b'',b'',"[3, 512, 512, 34, 1, 1, 1, 1]",0,0,0,0,0,b'',0.0,0.0,0.0,b'n+1',"[-1.0, 0.49486300349235535, 0.49486300349235535, 5.0, 0.0, 0.0, 0.0, 0.0]",1,126.4373779296875,-126.4376220703125,-2.5,-0.0,1.0,0.0,b'r',nan,nan,0,0,348,0,0.0,0,0,"[0.0, 0.0, 0.0, 0.0]","[0.0, 0.0, 0.0, 0.0]","[0.0, 0.0, 0.0, 0.0]",0.0,0.0,2
ID_5adb32dc_ID_35dd6d3d56.nii.gz,b'',16,0.0,0.0,b'',512,b'',b'',"[3, 512, 512, 32, 1, 1, 1, 1]",0,0,0,0,0,b'',0.0,0.0,0.0,b'n+1',"[-1.0, 0.4882810115814209, 0.4882810115814209, 5.610999584197998, 0.0, 0.0, 0.0, 0.0]",1,125.0,-118.74044036865234,-109.50094604492188,-0.0,0.972369909286499,0.23344546556472778,b'r',nan,nan,0,0,348,0,0.0,0,0,"[0.0, 0.0, 0.0, 0.0]","[0.0, 0.0, 0.0, 0.0]","[0.0, 0.0, 0.0, 0.0]",0.0,0.0,2
ID_5ca2154a_ID_d4984e0dcc.nii.gz,b'',16,0.0,0.0,b'',512,b'',b'',"[3, 512, 512, 40, 1, 1, 1, 1]",0,0,0,0,0,b'',0.0,0.0,0.0,b'n+1',"[-1.0, 0.4882810115814209, 0.4882810115814209, 2.696338653564453, 0.0, 0.0, 0.0, 0.0]",1,125.0,-118.64509582519531,-80.93582153320312,-0.0,0.9816271662712097,0.19080916047096252,b'r',nan,nan,0,0,348,0,0.0,0,0,"[0.0, 0.0, 0.0, 0.0]","[0.0, 0.0, 0.0, 0.0]","[0.0, 0.0, 0.0, 0.0]",0.0,0.0,2
ID_5e405f44_ID_7a773f615f.nii.gz,b'',16,0.0,0.0,b'',512,b'',b'',"[3, 512, 512, 34, 1, 1, 1, 1]",0,0,0,0,0,b'',0.0,0.0,0.0,b'n+1',"[-1.0, 0.4947509765625, 0.4947509765625, 5.0, 0.0, 0.0, 0.0, 0.0]",1,126.40887451171875,-126.40887451171875,-225.04425048828125,-0.0,1.0,0.0,b'r',nan,nan,0,0,348,0,0.0,0,0,"[0.0, 0.0, 0.0, 0.0]","[0.0, 0.0, 0.0, 0.0]","[0.0, 0.0, 0.0, 0.0]",0.0,0.0,2
ID_5f53ab26_ID_f1c7d54a53.nii.gz,b'',16,0.0,0.0,b'',512,b'',b'',"[3, 512, 512, 32, 1, 1, 1, 1]",0,0,0,0,0,b'',0.0,0.0,0.0,b'n+1',"[-1.0, 0.48828125, 0.48828125, 5.3740234375, 0.0, 0.0, 0.0, 0.0]",1,120.0,-237.09828186035156,50.318016052246094,-0.0,0.9832549095153809,0.18223553895950317,b'r',nan,nan,0,0,348,0,0.0,0,0,"[0.0, 0.0, 0.0, 0.0]","[0.0, 0.0, 0.0, 0.0]","[0.0, 0.0, 0.0, 0.0]",0.0,0.0,2
ID_63862d24_ID_24f0f2ff02.nii.gz,b'',16,0.0,0.0,b'',512,b'',b'',"[3, 512, 512, 60, 1, 1, 1, 1]",0,0,0,0,0,b'',0.0,0.0,0.0,b'n+1',"[-1.0, 0.4882810115814209, 0.4882810115814209, 2.5830001831054688, 0.0, 0.0, 0.0, 0.0]",1,125.0,-147.94606018066406,-104.51168823242188,-0.0,0.992004930973053,0.12619894742965698,b'r',nan,nan,0,0,348,0,0.0,0,0,"[0.0, 0.0, 0.0, 0.0]","[0.0, 0.0, 0.0, 0.0]","[0.0, 0.0, 0.0, 0.0]",0.0,0.0,2
ID_66a9a60e_ID_3a4f389a07.nii.gz,b'',16,0.0,0.0,b'',512,b'',b'',"[3, 512, 512, 46, 1, 1, 1, 1]",0,0,0,0,0,b'',0.0,0.0,0.0,b'n+1',"[-1.0, 0.4947509765625, 0.4947509765625, 5.0, 0.0, 0.0, 0.0, 0.0]",1,126.40887451171875,-126.40887451171875,-329.6416931152344,-0.0,1.0,0.0,b'r',nan,nan,0,0,348,0,0.0,0,0,"[0.0, 0.0, 0.0, 0.0]","[0.0, 0.0, 0.0, 0.0]","[0.0, 0.0, 0.0, 0.0]",0.0,0.0,2
ID_6874ab42_ID_209e53bf66.nii.gz,b'',16,0.0,0.0,b'',512,b'',b'',"[3, 512, 512, 39, 1, 1, 1, 1]",0,0,0,0,0,b'',0.0,0.0,0.0,b'n+1',"[-1.0, 0.48828125, 0.48828125, 5.0, 0.0, 0.0, 0.0, 0.0]",1,126.31578826904297,-233.35382080078125,29.0,-0.0,1.0,0.0,b'r',nan,nan,0,0,348,0,0.0,0,0,"[0.0, 0.0, 0.0, 0.0]","[0.0, 0.0, 0.0, 0.0]","[0.0, 0.0, 0.0, 0.0]",0.0,0.0,2
ID_693f2d48_ID_06a88c0e8b.nii.gz,b'',16,0.0,0.0,b'',512,b'',b'',"[3, 512, 512, 28, 1, 1, 1, 1]",0,0,0,0,0,b'',0.0,0.0,0.0,b'n+1',"[-1.0, 0.533203125, 0.533203125, 6.291168212890625, 0.0, 0.0, 0.0, 0.0]",1,136.5,-282.1012268066406,-186.44448852539062,-0.0,0.9890158772468567,0.14780940115451813,b'r',nan,nan,0,0,348,0,0.0,0,0,"[0.0, 0.0, 0.0, 0.0]","[0.0, 0.0, 0.0, 0.0]","[0.0, 0.0, 0.0, 0.0]",0.0,0.0,2
ID_69b19057_ID_44d0da38f2.nii.gz,b'',16,0.0,0.0,b'',512,b'',b'',"[3, 512, 512, 32, 1, 1, 1, 1]",0,0,0,0,0,b'',0.0,0.0,0.0,b'n+1',"[-1.0, 0.48828125, 0.48828125, 5.392578125, 0.0, 0.0, 0.0, 0.0]",1,125.0,-256.44525146484375,65.64867401123047,-0.0,0.9816271662712097,0.1908089965581894,b'r',nan,nan,0,0,348,0,0.0,0,0,"[0.0, 0.0, 0.0, 0.0]","[0.0, 0.0, 0.0, 0.0]","[0.0, 0.0, 0.0, 0.0]",0.0,0.0,2
ID_69e721e0_ID_a6f36605d7.nii.gz,b'',16,0.0,0.0,b'',512,b'',b'',"[3, 512, 512, 34, 1, 1, 1, 1]",0,0,0,0,0,b'',0.0,0.0,0.0,b'n+1',"[-1.0, 0.48828125, 0.48828125, 5.17626953125, 0.0, 0.0, 0.0, 0.0]",1,125.0,-225.63204956054688,56.22209930419922,-0.0,0.9914448857307434,0.13052618503570557,b'r',nan,nan,0,0,348,0,0.0,0,0,"[0.0, 0.0, 0.0, 0.0]","[0.0, 0.0, 0.0, 0.0]","[0.0, 0.0, 0.0, 0.0]",0.0,0.0,2
ID_6a6976ae_ID_97ae10a424.nii.gz,b'',16,0.0,0.0,b'',512,b'',b'',"[3, 512, 512, 32, 1, 1, 1, 1]",0,0,0,0,0,b'',0.0,0.0,0.0,b'n+1',"[-1.0, 0.4882810115814209, 0.4882810115814209, 5.121397018432617, 0.0, 0.0, 0.0, 0.0]",1,125.0,-121.56015014648438,-39.48432922363281,-0.0,0.9940563440322876,0.10886704921722412,b'r',nan,nan,0,0,348,0,0.0,0,0,"[0.0, 0.0, 0.0, 0.0]","[0.0, 0.0, 0.0, 0.0]","[0.0, 0.0, 0.0, 0.0]",0.0,0.0,2
ID_6bb6dd02_ID_dd6370b417.nii.gz,b'',16,0.0,0.0,b'',512,b'',b'',"[3, 512, 512, 32, 1, 1, 1, 1]",0,0,0,0,0,b'',0.0,0.0,0.0,b'n+1',"[-1.0, 0.4882810115814209, 0.4882810115814209, 5.112003326416016, 0.0, 0.0, 0.0, 0.0]",1,125.0,-115.09115600585938,-90.96343231201172,-0.0,0.9945219159126282,0.10452857613563538,b'r',nan,nan,0,0,348,0,0.0,0,0,"[0.0, 0.0, 0.0, 0.0]","[0.0, 0.0, 0.0, 0.0]","[0.0, 0.0, 0.0, 0.0]",0.0,0.0,2
ID_6c70bf18_ID_3915fd7d41.nii.gz,b'',16,0.0,0.0,b'',512,b'',b'',"[3, 512, 512, 30, 1, 1, 1, 1]",0,0,0,0,0,b'',0.0,0.0,0.0,b'n+1',"[-1.0, 0.423828125, 0.423828125, 5.0, 0.0, 0.0, 0.0, 0.0]",1,108.5,-233.076171875,76.699951171875,-0.0,1.0,0.0,b'r',nan,nan,0,0,348,0,0.0,0,0,"[0.0, 0.0, 0.0, 0.0]","[0.0, 0.0, 0.0, 0.0]","[0.0, 0.0, 0.0, 0.0]",0.0,0.0,2
ID_6c85adda_ID_86bc0ab248.nii.gz,b'',16,0.0,0.0,b'',512,b'',b'',"[3, 512, 512, 32, 1, 1, 1, 1]",0,0,0,0,0,b'',0.0,0.0,0.0,b'n+1',"[-1.0, 0.4882810115814209, 0.4882810115814209, 5.070000648498535, 0.0, 0.0, 0.0, 0.0]",1,125.0,-122.8036880493164,-55.55037307739258,-0.0,0.9965655207633972,0.08280836045742035,b'r',nan,nan,0,0,348,0,0.0,0,0,"[0.0, 0.0, 0.0, 0.0]","[0.0, 0.0, 0.0, 0.0]","[0.0, 0.0, 0.0, 0.0]",0.0,0.0,2
ID_6caf8d60_ID_3634a47122.nii.gz,b'',16,0.0,0.0,b'',512,b'',b'',"[3, 512, 512, 40, 1, 1, 1, 1]",0,0,0,0,0,b'',0.0,0.0,0.0,b'n+1',"[-1.0, 0.4882810115814209, 0.4882810115814209, 2.5, 0.0, 0.0, 0.0, 0.0]",1,125.0,-106.89260864257812,51.865478515625,-0.0,0.9999619126319885,-0.008726329542696476,b'r',nan,nan,0,0,348,0,0.0,0,0,"[0.0, 0.0, 0.0, 0.0]","[0.0, 0.0, 0.0, 0.0]","[0.0, 0.0, 0.0, 0.0]",0.0,0.0,2
ID_6fcd55db_ID_9ed6724906.nii.gz,b'',16,0.0,0.0,b'',512,b'',b'',"[3, 512, 512, 28, 1, 1, 1, 1]",0,0,0,0,0,b'',0.0,0.0,0.0,b'n+1',"[-1.0, 0.4882810115814209, 0.4882810115814209, 5.0, 0.0, 0.0, 0.0, 0.0]",1,125.0,-124.5115966796875,-14.5,-0.0,1.0,0.0,b'r',nan,nan,0,0,348,0,0.0,0,0,"[0.0, 0.0, 0.0, 0.0]","[0.0, 0.0, 0.0, 0.0]","[0.0, 0.0, 0.0, 0.0]",0.0,0.0,2
ID_727c946e_ID_e1fd84171a.nii.gz,b'',16,0.0,0.0,b'',512,b'',b'',"[3, 512, 512, 30, 1, 1, 1, 1]",0,0,0,0,0,b'',0.0,0.0,0.0,b'n+1',"[-1.0, 0.68359375, 0.68359375, 5.018729209899902, 0.0, 0.0, 0.0, 0.0]",1,234.0,-307.0572204589844,40.52484130859375,-0.0,0.9962770938873291,0.08620869368314743,b'r',nan,nan,0,0,348,0,0.0,0,0,"[0.0, 0.0, 0.0, 0.0]","[0.0, 0.0, 0.0, 0.0]","[0.0, 0.0, 0.0, 0.0]",0.0,0.0,2
ID_73cae446_ID_852cb06998.nii.gz,b'',16,0.0,0.0,b'',512,b'',b'',"[3, 512, 512, 32, 1, 1, 1, 1]",0,0,0,0,0,b'',0.0,0.0,0.0,b'n+1',"[-1.0, 0.4882810115814209, 0.4882810115814209, 5.201000213623047, 0.0, 0.0, 0.0, 0.0]",1,125.0,-119.68798065185547,-88.06961059570312,-0.0,0.9902681112289429,0.13917286694049835,b'r',nan,nan,0,0,348,0,0.0,0,0,"[0.0, 0.0, 0.0, 0.0]","[0.0, 0.0, 0.0, 0.0]","[0.0, 0.0, 0.0, 0.0]",0.0,0.0,2
ID_751df220_ID_4c26128a8d.nii.gz,b'',16,0.0,0.0,b'',512,b'',b'',"[3, 512, 512, 32, 1, 1, 1, 1]",0,0,0,0,0,b'',0.0,0.0,0.0,b'n+1',"[-1.0, 0.55859375, 0.55859375, 5.716796875, 0.0, 0.0, 0.0, 0.0]",1,145.0,-303.4505920410156,-235.95590209960938,-0.0,0.9681476354598999,0.2503800094127655,b'r',nan,nan,0,0,348,0,0.0,0,0,"[0.0, 0.0, 0.0, 0.0]","[0.0, 0.0, 0.0, 0.0]","[0.0, 0.0, 0.0, 0.0]",0.0,0.0,2
ID_75448f16_ID_780b14c9d7.nii.gz,b'',16,0.0,0.0,b'',512,b'',b'',"[3, 512, 512, 32, 1, 1, 1, 1]",0,0,0,0,0,b'',0.0,0.0,0.0,b'n+1',"[-1.0, 0.4882810115814209, 0.4882810115814209, 5.288000106811523, 0.0, 0.0, 0.0, 0.0]",1,125.0,-117.72785949707031,-78.28697204589844,-0.0,0.9862856268882751,0.16504746675491333,b'r',nan,nan,0,0,348,0,0.0,0,0,"[0.0, 0.0, 0.0, 0.0]","[0.0, 0.0, 0.0, 0.0]","[0.0, 0.0, 0.0, 0.0]",0.0,0.0,2
ID_77cd921b_ID_e0d0a5f299.nii.gz,b'',16,0.0,0.0,b'',512,b'',b'',"[3, 512, 512, 30, 1, 1, 1, 1]",0,0,0,0,0,b'',0.0,0.0,0.0,b'n+1',"[-1.0, 0.48828125, 0.48828125, 5.392578125, 0.0, 0.0, 0.0, 0.0]",1,125.0,-247.73651123046875,0.14722442626953125,-0.0,0.9816271662712097,0.1908089965581894,b'r',nan,nan,0,0,348,0,0.0,0,0,"[0.0, 0.0, 0.0, 0.0]","[0.0, 0.0, 0.0, 0.0]","[0.0, 0.0, 0.0, 0.0]",0.0,0.0,2
ID_7860208e_ID_f68c193b69.nii.gz,b'',16,0.0,0.0,b'',512,b'',b'',"[3, 512, 512, 32, 1, 1, 1, 1]",0,0,0,0,0,b'',0.0,0.0,0.0,b'n+1',"[-1.0, 0.48828125, 0.48828125, 5.373893737792969, 0.0, 0.0, 0.0, 0.0]",1,106.0,-287.87164306640625,25.764373779296875,-0.0,0.9832549095153809,0.18223553895950317,b'r',nan,nan,0,0,348,0,0.0,0,0,"[0.0, 0.0, 0.0, 0.0]","[0.0, 0.0, 0.0, 0.0]","[0.0, 0.0, 0.0, 0.0]",0.0,0.0,2
ID_790acb3f_ID_c294f81468.nii.gz,b'',16,0.0,0.0,b'',512,b'',b'',"[3, 512, 512, 34, 1, 1, 1, 1]",0,0,0,0,0,b'',0.0,0.0,0.0,b'n+1',"[-1.0, 0.537109375, 0.537109375, 5.30419921875, 0.0, 0.0, 0.0, 0.0]",1,150.5,-277.8392028808594,24.705230712890625,-0.0,0.9862856268882751,0.16504760086536407,b'r',nan,nan,0,0,348,0,0.0,0,0,"[0.0, 0.0, 0.0, 0.0]","[0.0, 0.0, 0.0, 0.0]","[0.0, 0.0, 0.0, 0.0]",0.0,0.0,2
ID_7d5594ff_ID_cb535d3e8b.nii.gz,b'',16,0.0,0.0,b'',512,b'',b'',"[3, 512, 512, 32, 1, 1, 1, 1]",0,0,0,0,0,b'',0.0,0.0,0.0,b'n+1',"[-1.0, 0.4882810115814209, 0.4882810115814209, 5.392673492431641, 0.0, 0.0, 0.0, 0.0]",1,125.0,-96.74510192871094,-71.05514526367188,-0.0,0.9816271662712097,0.19080916047096252,b'r',nan,nan,0,0,348,0,0.0,0,0,"[0.0, 0.0, 0.0, 0.0]","[0.0, 0.0, 0.0, 0.0]","[0.0, 0.0, 0.0, 0.0]",0.0,0.0,2
ID_7db5845a_ID_0c7cd6982b.nii.gz,b'',16,0.0,0.0,b'',512,b'',b'',"[3, 512, 512, 36, 1, 1, 1, 1]",0,0,0,0,0,b'',0.0,0.0,0.0,b'n+1',"[-1.0, 0.4882810115814209, 0.4882810115814209, 2.6869964599609375, 0.0, 0.0, 0.0, 0.0]",1,125.0,-106.54801177978516,-47.220218658447266,-0.0,0.9824504256248474,0.18652385473251343,b'r',nan,nan,0,0,348,0,0.0,0,0,"[0.0, 0.0, 0.0, 0.0]","[0.0, 0.0, 0.0, 0.0]","[0.0, 0.0, 0.0, 0.0]",0.0,0.0,2
ID_7e8279ce_ID_75522ba124.nii.gz,b'',16,0.0,0.0,b'',512,b'',b'',"[3, 512, 512, 40, 1, 1, 1, 1]",0,0,0,0,0,b'',0.0,0.0,0.0,b'n+1',"[-1.0, 0.4882810115814209, 0.4882810115814209, 2.706000328063965, 0.0, 0.0, 0.0, 0.0]",1,125.0,-131.63369750976562,-85.27482604980469,-0.0,0.9807853102684021,0.19509005546569824,b'r',nan,nan,0,0,348,0,0.0,0,0,"[0.0, 0.0, 0.0, 0.0]","[0.0, 0.0, 0.0, 0.0]","[0.0, 0.0, 0.0, 0.0]",0.0,0.0,2
ID_7f065b1e_ID_4c02f6eaaf.nii.gz,b'',16,0.0,0.0,b'',512,b'',b'',"[3, 512, 512, 32, 1, 1, 1, 1]",0,0,0,0,0,b'',0.0,0.0,0.0,b'n+1',"[-1.0, 0.4882810115814209, 0.4882810115814209, 5.048999786376953, 0.0, 0.0, 0.0, 0.0]",1,125.0,-123.29937744140625,-45.57828140258789,-0.0,0.9975640773773193,0.06975642591714859,b'r',nan,nan,0,0,348,0,0.0,0,0,"[0.0, 0.0, 0.0, 0.0]","[0.0, 0.0, 0.0, 0.0]","[0.0, 0.0, 0.0, 0.0]",0.0,0.0,2
ID_80b8d734_ID_f599f2d14b.nii.gz,b'',16,0.0,0.0,b'',512,b'',b'',"[3, 512, 512, 34, 1, 1, 1, 1]",0,0,0,0,0,b'',0.0,0.0,0.0,b'n+1',"[-1.0, 0.49486300349235535, 0.49486300349235535, 5.0, 0.0, 0.0, 0.0, 0.0]",1,126.4373779296875,-126.4376220703125,-408.86102294921875,-0.0,1.0,0.0,b'r',nan,nan,0,0,348,0,0.0,0,0,"[0.0, 0.0, 0.0, 0.0]","[0.0, 0.0, 0.0, 0.0]","[0.0, 0.0, 0.0, 0.0]",0.0,0.0,2
ID_811a274b_ID_fa1c9402fb.nii.gz,b'',16,0.0,0.0,b'',512,b'',b'',"[3, 512, 512, 32, 1, 1, 1, 1]",0,0,0,0,0,b'',0.0,0.0,0.0,b'n+1',"[-1.0, 0.48828125, 0.48828125, 5.0, 0.0, 0.0, 0.0, 0.0]",1,125.0,-222.51171875,57.0001220703125,-0.0,1.0,0.0,b'r',nan,nan,0,0,348,0,0.0,0,0,"[0.0, 0.0, 0.0, 0.0]","[0.0, 0.0, 0.0, 0.0]","[0.0, 0.0, 0.0, 0.0]",0.0,0.0,2
ID_82cfc6a8_ID_da93401499.nii.gz,b'',16,0.0,0.0,b'',512,b'',b'',"[3, 512, 512, 40, 1, 1, 1, 1]",0,0,0,0,0,b'',0.0,0.0,0.0,b'n+1',"[-1.0, 0.4882810115814209, 0.4882810115814209, 2.546999931335449, 0.0, 0.0, 0.0, 0.0]",1,125.0,-116.52438354492188,-34.90006637573242,-0.0,0.9953961968421936,0.0958457663655281,b'r',nan,nan,0,0,348,0,0.0,0,0,"[0.0, 0.0, 0.0, 0.0]","[0.0, 0.0, 0.0, 0.0]","[0.0, 0.0, 0.0, 0.0]",0.0,0.0,2
ID_83a07ec6_ID_ef148a90ed.nii.gz,b'',16,0.0,0.0,b'',512,b'',b'',"[3, 512, 512, 32, 1, 1, 1, 1]",0,0,0,0,0,b'',0.0,0.0,0.0,b'n+1',"[-1.0, 0.4882810115814209, 0.4882810115814209, 5.392673492431641, 0.0, 0.0, 0.0, 0.0]",1,125.0,-127.34510040283203,-51.110843658447266,-0.0,0.9816271662712097,0.19080916047096252,b'r',nan,nan,0,0,348,0,0.0,0,0,"[0.0, 0.0, 0.0, 0.0]","[0.0, 0.0, 0.0, 0.0]","[0.0, 0.0, 0.0, 0.0]",0.0,0.0,2
ID_85f42dd5_ID_a0ef1a9eaf.nii.gz,b'',16,0.0,0.0,b'',512,b'',b'',"[3, 512, 512, 36, 1, 1, 1, 1]",0,0,0,0,0,b'',0.0,0.0,0.0,b'n+1',"[-1.0, 0.49486300349235535, 0.49486300349235535, 5.0, 0.0, 0.0, 0.0, 0.0]",1,126.4373779296875,-126.4376220703125,-7.236676216125488,-0.0,1.0,0.0,b'r',nan,nan,0,0,348,0,0.0,0,0,"[0.0, 0.0, 0.0, 0.0]","[0.0, 0.0, 0.0, 0.0]","[0.0, 0.0, 0.0, 0.0]",0.0,0.0,2
ID_87385103_ID_684afaed55.nii.gz,b'',16,0.0,0.0,b'',512,b'',b'',"[3, 512, 512, 40, 1, 1, 1, 1]",0,0,0,0,0,b'',0.0,0.0,0.0,b'n+1',"[-1.0, 0.4947509765625, 0.4947509765625, 5.0, 0.0, 0.0, 0.0, 0.0]",1,126.40887451171875,-126.40887451171875,-2.537648916244507,-0.0,1.0,0.0,b'r',nan,nan,0,0,348,0,0.0,0,0,"[0.0, 0.0, 0.0, 0.0]","[0.0, 0.0, 0.0, 0.0]","[0.0, 0.0, 0.0, 0.0]",0.0,0.0,2
ID_87e60d98_ID_0c2d2758ae.nii.gz,b'',16,0.0,0.0,b'',512,b'',b'',"[3, 512, 512, 28, 1, 1, 1, 1]",0,0,0,0,0,b'',0.0,0.0,0.0,b'n+1',"[-1.0, 0.625, 0.625, 6.0, 0.0, 0.0, 0.0, 0.0]",1,160.0,-257.7081298828125,1139.2601318359375,-0.0,0.9832549095153809,0.18223553895950317,b'r',nan,nan,0,0,348,0,0.0,0,0,"[0.0, 0.0, 0.0, 0.0]","[0.0, 0.0, 0.0, 0.0]","[0.0, 0.0, 0.0, 0.0]",0.0,0.0,2
ID_88dbe13f_ID_01c5078fbf.nii.gz,b'',16,0.0,0.0,b'',512,b'',b'',"[3, 512, 512, 36, 1, 1, 1, 1]",0,0,0,0,0,b'',0.0,0.0,0.0,b'n+1',"[-1.0, 0.4882810115814209, 0.4882810115814209, 5.0, 0.0, 0.0, 0.0, 0.0]",1,125.0,-108.44155883789062,-93.12686920166016,-0.0,0.9967443346977234,0.0806272029876709,b'r',nan,nan,0,0,348,0,0.0,0,0,"[0.0, 0.0, 0.0, 0.0]","[0.0, 0.0, 0.0, 0.0]","[0.0, 0.0, 0.0, 0.0]",0.0,0.0,2
ID_8d326f80_ID_87b6843dde.nii.gz,b'',16,0.0,0.0,b'',512,b'',b'',"[3, 512, 512, 32, 1, 1, 1, 1]",0,0,0,0,0,b'',0.0,0.0,0.0,b'n+1',"[-1.0, 0.42773398756980896, 0.42773398756980896, 5.0, 0.0, 0.0, 0.0, 0.0]",1,109.5,-107.4720687866211,-18.75,-0.0,1.0,0.0,b'r',nan,nan,0,0,348,0,0.0,0,0,"[0.0, 0.0, 0.0, 0.0]","[0.0, 0.0, 0.0, 0.0]","[0.0, 0.0, 0.0, 0.0]",0.0,0.0,2
ID_8d914da6_ID_b4eb9c8234.nii.gz,b'',16,0.0,0.0,b'',512,b'',b'',"[3, 512, 512, 40, 1, 1, 1, 1]",0,0,0,0,0,b'',0.0,0.0,0.0,b'n+1',"[-1.0, 0.4882810115814209, 0.4882810115814209, 2.6963348388671875, 0.0, 0.0, 0.0, 0.0]",1,125.0,-114.94509887695312,-48.69091796875,-0.0,0.9816271662712097,0.19080916047096252,b'r',nan,nan,0,0,348,0,0.0,0,0,"[0.0, 0.0, 0.0, 0.0]","[0.0, 0.0, 0.0, 0.0]","[0.0, 0.0, 0.0, 0.0]",0.0,0.0,2
ID_8e8df8c0_ID_857231e0c6.nii.gz,b'',16,0.0,0.0,b'',512,b'',b'',"[3, 512, 512, 32, 1, 1, 1, 1]",0,0,0,0,0,b'',0.0,0.0,0.0,b'n+1',"[-1.0, 0.4882810115814209, 0.4882810115814209, 5.392673015594482, 0.0, 0.0, 0.0, 0.0]",1,125.0,-123.74510192871094,-88.0888442993164,-0.0,0.9816271662712097,0.19080916047096252,b'r',nan,nan,0,0,348,0,0.0,0,0,"[0.0, 0.0, 0.0, 0.0]","[0.0, 0.0, 0.0, 0.0]","[0.0, 0.0, 0.0, 0.0]",0.0,0.0,2
ID_90233c1a_ID_51c49c9abf.nii.gz,b'',16,0.0,0.0,b'',512,b'',b'',"[3, 512, 512, 28, 1, 1, 1, 1]",0,0,0,0,0,b'',0.0,0.0,0.0,b'n+1',"[-1.0, 0.53515625, 0.53515625, 6.0, 0.0, 0.0, 0.0, 0.0]",1,137.0,-250.64492797851562,1022.7363891601562,-0.0,0.9816271662712097,0.1908089816570282,b'r',nan,nan,0,0,348,0,0.0,0,0,"[0.0, 0.0, 0.0, 0.0]","[0.0, 0.0, 0.0, 0.0]","[0.0, 0.0, 0.0, 0.0]",0.0,0.0,2
ID_90b88b8b_ID_8d39c61ccd.nii.gz,b'',16,0.0,0.0,b'',512,b'',b'',"[3, 512, 512, 30, 1, 1, 1, 1]",0,0,0,0,0,b'',0.0,0.0,0.0,b'n+1',"[-1.0, 0.42578125, 0.42578125, 5.0, 0.0, 0.0, 0.0, 0.0]",1,105.947998046875,-169.09422302246094,116.5999984741211,-0.0,1.0,0.0,b'r',nan,nan,0,0,348,0,0.0,0,0,"[0.0, 0.0, 0.0, 0.0]","[0.0, 0.0, 0.0, 0.0]","[0.0, 0.0, 0.0, 0.0]",0.0,0.0,2
ID_92ef7cc4_ID_b0c4006e93.nii.gz,b'',16,0.0,0.0,b'',512,b'',b'',"[3, 512, 512, 36, 1, 1, 1, 1]",0,0,0,0,0,b'',0.0,0.0,0.0,b'n+1',"[-1.0, 0.4882810115814209, 0.4882810115814209, 5.392673492431641, 0.0, 0.0, 0.0, 0.0]",1,111.5,-128.3450927734375,-75.35487365722656,-0.0,0.9816271662712097,0.19080916047096252,b'r',nan,nan,0,0,348,0,0.0,0,0,"[0.0, 0.0, 0.0, 0.0]","[0.0, 0.0, 0.0, 0.0]","[0.0, 0.0, 0.0, 0.0]",0.0,0.0,2
ID_94271e7f_ID_50fb725eb8.nii.gz,b'',16,0.0,0.0,b'',512,b'',b'',"[3, 512, 512, 32, 1, 1, 1, 1]",0,0,0,0,0,b'',0.0,0.0,0.0,b'n+1',"[-1.0, 0.4882810115814209, 0.4882810115814209, 5.392673492431641, 0.0, 0.0, 0.0, 0.0]",1,125.0,-115.44509887695312,-77.64292907714844,-0.0,0.9816271662712097,0.19080916047096252,b'r',nan,nan,0,0,348,0,0.0,0,0,"[0.0, 0.0, 0.0, 0.0]","[0.0, 0.0, 0.0, 0.0]","[0.0, 0.0, 0.0, 0.0]",0.0,0.0,2
ID_95c4a59c_ID_47aa7ea02b.nii.gz,b'',16,0.0,0.0,b'',512,b'',b'',"[3, 512, 512, 28, 1, 1, 1, 1]",0,0,0,0,0,b'',0.0,0.0,0.0,b'n+1',"[-1.0, 0.4882810115814209, 0.4882810115814209, 5.392673492431641, 0.0, 0.0, 0.0, 0.0]",1,125.0,-113.34510040283203,-77.29447937011719,-0.0,0.9816271662712097,0.19080916047096252,b'r',nan,nan,0,0,348,0,0.0,0,0,"[0.0, 0.0, 0.0, 0.0]","[0.0, 0.0, 0.0, 0.0]","[0.0, 0.0, 0.0, 0.0]",0.0,0.0,2
ID_9631ec18_ID_c205d02b10.nii.gz,b'',16,0.0,0.0,b'',512,b'',b'',"[3, 512, 512, 32, 1, 1, 1, 1]",0,0,0,0,0,b'',0.0,0.0,0.0,b'n+1',"[-1.0, 0.4882810115814209, 0.4882810115814209, 5.214999198913574, 0.0, 0.0, 0.0, 0.0]",1,125.0,-119.3846664428711,-89.36302185058594,-0.0,0.9896514415740967,0.1434924155473709,b'r',nan,nan,0,0,348,0,0.0,0,0,"[0.0, 0.0, 0.0, 0.0]","[0.0, 0.0, 0.0, 0.0]","[0.0, 0.0, 0.0, 0.0]",0.0,0.0,2
ID_96967deb_ID_5d782e9379.nii.gz,b'',16,0.0,0.0,b'',512,b'',b'',"[3, 512, 512, 35, 1, 1, 1, 1]",0,0,0,0,0,b'',0.0,0.0,0.0,b'n+1',"[-1.0, 0.48828125, 0.48828125, 5.0, 0.0, 0.0, 0.0, 0.0]",1,131.57894897460938,-227.09066772460938,-192.00001525878906,-0.0,1.0,0.0,b'r',nan,nan,0,0,348,0,0.0,0,0,"[0.0, 0.0, 0.0, 0.0]","[0.0, 0.0, 0.0, 0.0]","[0.0, 0.0, 0.0, 0.0]",0.0,0.0,2
ID_96cd5341_ID_41b80bd3ec.nii.gz,b'',16,0.0,0.0,b'',512,b'',b'',"[3, 512, 512, 28, 1, 1, 1, 1]",0,0,0,0,0,b'',0.0,0.0,0.0,b'n+1',"[-1.0, 0.48828125, 0.48828125, 6.44873046875, 0.0, 0.0, 0.0, 0.0]",1,161.0,-275.619140625,32.106849670410156,-0.0,0.9832549095153809,0.18223553895950317,b'r',nan,nan,0,0,348,0,0.0,0,0,"[0.0, 0.0, 0.0, 0.0]","[0.0, 0.0, 0.0, 0.0]","[0.0, 0.0, 0.0, 0.0]",0.0,0.0,2
ID_977da27d_ID_7ca7e2a2e4.nii.gz,b'',16,0.0,0.0,b'',512,b'',b'',"[3, 512, 512, 46, 1, 1, 1, 1]",0,0,0,0,0,b'',0.0,0.0,0.0,b'n+1',"[-1.0, 0.4947509765625, 0.4947509765625, 5.0, 0.0, 0.0, 0.0, 0.0]",1,126.40887451171875,-126.40887451171875,-430.922119140625,-0.0,1.0,0.0,b'r',nan,nan,0,0,348,0,0.0,0,0,"[0.0, 0.0, 0.0, 0.0]","[0.0, 0.0, 0.0, 0.0]","[0.0, 0.0, 0.0, 0.0]",0.0,0.0,2
ID_981d95a4_ID_ec08553ddc.nii.gz,b'',16,0.0,0.0,b'',512,b'',b'',"[3, 512, 512, 36, 1, 1, 1, 1]",0,0,0,0,0,b'',0.0,0.0,0.0,b'n+1',"[-1.0, 0.4882810115814209, 0.4882810115814209, 5.0, 0.0, 0.0, 0.0, 0.0]",1,125.0,-129.11160278320312,-64.25,-0.0,1.0,0.0,b'r',nan,nan,0,0,348,0,0.0,0,0,"[0.0, 0.0, 0.0, 0.0]","[0.0, 0.0, 0.0, 0.0]","[0.0, 0.0, 0.0, 0.0]",0.0,0.0,2
ID_98450f26_ID_8d66ffdc94.nii.gz,b'',16,0.0,0.0,b'',512,b'',b'',"[3, 512, 512, 32, 1, 1, 1, 1]",0,0,0,0,0,b'',0.0,0.0,0.0,b'n+1',"[-1.0, 0.4882810115814209, 0.4882810115814209, 5.062325477600098, 0.0, 0.0, 0.0, 0.0]",1,125.0,-122.97868347167969,-29.22780418395996,-0.0,0.9969173669815063,0.07845889031887054,b'r',nan,nan,0,0,348,0,0.0,0,0,"[0.0, 0.0, 0.0, 0.0]","[0.0, 0.0, 0.0, 0.0]","[0.0, 0.0, 0.0, 0.0]",0.0,0.0,2
ID_98fcfe52_ID_a8bbf4336d.nii.gz,b'',16,0.0,0.0,b'',512,b'',b'',"[3, 512, 512, 32, 1, 1, 1, 1]",0,0,0,0,0,b'',0.0,0.0,0.0,b'n+1',"[-1.0, 0.49486300349235535, 0.49486300349235535, 5.0, 0.0, 0.0, 0.0, 0.0]",1,126.4373779296875,-126.4376220703125,-2.5,-0.0,1.0,0.0,b'r',nan,nan,0,0,348,0,0.0,0,0,"[0.0, 0.0, 0.0, 0.0]","[0.0, 0.0, 0.0, 0.0]","[0.0, 0.0, 0.0, 0.0]",0.0,0.0,2
ID_997f19cf_ID_8fc04eb1f5.nii.gz,b'',16,0.0,0.0,b'',512,b'',b'',"[3, 512, 512, 32, 1, 1, 1, 1]",0,0,0,0,0,b'',0.0,0.0,0.0,b'n+1',"[-1.0, 0.4882810115814209, 0.4882810115814209, 5.392673492431641, 0.0, 0.0, 0.0, 0.0]",1,125.0,-115.44509887695312,-114.39292907714844,-0.0,0.9816271662712097,0.19080916047096252,b'r',nan,nan,0,0,348,0,0.0,0,0,"[0.0, 0.0, 0.0, 0.0]","[0.0, 0.0, 0.0, 0.0]","[0.0, 0.0, 0.0, 0.0]",0.0,0.0,2
ID_9a8ad2df_ID_0ec627c99a.nii.gz,b'',16,0.0,0.0,b'',512,b'',b'',"[3, 512, 512, 40, 1, 1, 1, 1]",0,0,0,0,0,b'',0.0,0.0,0.0,b'n+1',"[-1.0, 0.4882810115814209, 0.4882810115814209, 2.6139984130859375, 0.0, 0.0, 0.0, 0.0]",1,125.0,-119.07109832763672,-33.154170989990234,-0.0,0.9890158176422119,0.1478094905614853,b'r',nan,nan,0,0,348,0,0.0,0,0,"[0.0, 0.0, 0.0, 0.0]","[0.0, 0.0, 0.0, 0.0]","[0.0, 0.0, 0.0, 0.0]",0.0,0.0,2
ID_9ba3be10_ID_1c4e9f3c40.nii.gz,b'',16,0.0,0.0,b'',512,b'',b'',"[3, 512, 512, 36, 1, 1, 1, 1]",0,0,0,0,0,b'',0.0,0.0,0.0,b'n+1',"[-1.0, 0.4882810115814209, 0.4882810115814209, 2.531163215637207, 0.0, 0.0, 0.0, 0.0]",1,125.0,-117.7786865234375,-34.654205322265625,-0.0,0.9969173669815063,0.07845889031887054,b'r',nan,nan,0,0,348,0,0.0,0,0,"[0.0, 0.0, 0.0, 0.0]","[0.0, 0.0, 0.0, 0.0]","[0.0, 0.0, 0.0, 0.0]",0.0,0.0,2
ID_9cc1c1a0_ID_8fb44d82d0.nii.gz,b'',16,0.0,0.0,b'',512,b'',b'',"[3, 512, 512, 32, 1, 1, 1, 1]",0,0,0,0,0,b'',0.0,0.0,0.0,b'n+1',"[-1.0, 0.4882810115814209, 0.4882810115814209, 5.28800106048584, 0.0, 0.0, 0.0, 0.0]",1,125.0,-117.72785949707031,-98.53697204589844,-0.0,0.9862856268882751,0.16504745185375214,b'r',nan,nan,0,0,348,0,0.0,0,0,"[0.0, 0.0, 0.0, 0.0]","[0.0, 0.0, 0.0, 0.0]","[0.0, 0.0, 0.0, 0.0]",0.0,0.0,2
ID_9dce269b_ID_4191982e02.nii.gz,b'',16,0.0,0.0,b'',512,b'',b'',"[3, 512, 512, 44, 1, 1, 1, 1]",0,0,0,0,0,b'',0.0,0.0,0.0,b'n+1',"[-1.0, 0.4947509765625, 0.4947509765625, 5.0, 0.0, 0.0, 0.0, 0.0]",1,126.40887451171875,-126.40887451171875,-2.2661828994750977,-0.0,1.0,0.0,b'r',nan,nan,0,0,348,0,0.0,0,0,"[0.0, 0.0, 0.0, 0.0]","[0.0, 0.0, 0.0, 0.0]","[0.0, 0.0, 0.0, 0.0]",0.0,0.0,2
ID_9e0eaeeb_ID_be5b5b11eb.nii.gz,b'',16,0.0,0.0,b'',512,b'',b'',"[3, 512, 512, 32, 1, 1, 1, 1]",0,0,0,0,0,b'',0.0,0.0,0.0,b'n+1',"[-1.0, 0.48828125, 0.48828125, 5.5168304443359375, 0.0, 0.0, 0.0, 0.0]",1,114.0,-291.8153076171875,117.9692611694336,-0.0,0.9762960076332092,0.2164396196603775,b'r',nan,nan,0,0,348,0,0.0,0,0,"[0.0, 0.0, 0.0, 0.0]","[0.0, 0.0, 0.0, 0.0]","[0.0, 0.0, 0.0, 0.0]",0.0,0.0,2
ID_9ed18606_ID_8cfe740d83.nii.gz,b'',16,0.0,0.0,b'',512,b'',b'',"[3, 512, 512, 28, 1, 1, 1, 1]",0,0,0,0,0,b'',0.0,0.0,0.0,b'n+1',"[-1.0, 0.4882810115814209, 0.4882810115814209, 5.563000202178955, 0.0, 0.0, 0.0, 0.0]",1,125.0,-111.91056823730469,-106.0826644897461,-0.0,0.9743700623512268,0.22495101392269135,b'r',nan,nan,0,0,348,0,0.0,0,0,"[0.0, 0.0, 0.0, 0.0]","[0.0, 0.0, 0.0, 0.0]","[0.0, 0.0, 0.0, 0.0]",0.0,0.0,2
ID_a1703be5_ID_d0e02f0443.nii.gz,b'',16,0.0,0.0,b'',512,b'',b'',"[3, 512, 512, 32, 1, 1, 1, 1]",0,0,0,0,0,b'',0.0,0.0,0.0,b'n+1',"[-1.0, 0.4882810115814209, 0.4882810115814209, 5.121000289916992, 0.0, 0.0, 0.0, 0.0]",1,125.0,-121.56015014648438,-58.199283599853516,-0.0,0.9940563440322876,0.10886704176664352,b'r',nan,nan,0,0,348,0,0.0,0,0,"[0.0, 0.0, 0.0, 0.0]","[0.0, 0.0, 0.0, 0.0]","[0.0, 0.0, 0.0, 0.0]",0.0,0.0,2
ID_a2ddcdfe_ID_d7aedfd21f.nii.gz,b'',16,0.0,0.0,b'',512,b'',b'',"[3, 512, 512, 35, 1, 1, 1, 1]",0,0,0,0,0,b'',0.0,0.0,0.0,b'n+1',"[-1.0, 0.48828125, 0.48828125, 5.0, 0.0, 0.0, 0.0, 0.0]",1,125.0,-252.51171875,57.0,-0.0,1.0,0.0,b'r',nan,nan,0,0,348,0,0.0,0,0,"[0.0, 0.0, 0.0, 0.0]","[0.0, 0.0, 0.0, 0.0]","[0.0, 0.0, 0.0, 0.0]",0.0,0.0,2
ID_a40e10b0_ID_18c55dad14.nii.gz,b'',16,0.0,0.0,b'',512,b'',b'',"[3, 512, 512, 30, 1, 1, 1, 1]",0,0,0,0,0,b'',0.0,0.0,0.0,b'n+1',"[-1.0, 0.48828125, 0.48828125, 5.2724609375, 0.0, 0.0, 0.0, 0.0]",1,125.0,-311.0721130371094,25.75420379638672,-0.0,0.9876883625984192,0.15643444657325745,b'r',nan,nan,0,0,348,0,0.0,0,0,"[0.0, 0.0, 0.0, 0.0]","[0.0, 0.0, 0.0, 0.0]","[0.0, 0.0, 0.0, 0.0]",0.0,0.0,2
ID_a429fd9a_ID_2eabc43f3d.nii.gz,b'',16,0.0,0.0,b'',512,b'',b'',"[3, 512, 512, 32, 1, 1, 1, 1]",0,0,0,0,0,b'',0.0,0.0,0.0,b'n+1',"[-1.0, 0.48828125, 0.48828125, 5.2147216796875, 0.0, 0.0, 0.0, 0.0]",1,125.0,-269.7348327636719,-451.64483642578125,-0.0,0.9902680516242981,0.13917312026023865,b'r',nan,nan,0,0,348,0,0.0,0,0,"[0.0, 0.0, 0.0, 0.0]","[0.0, 0.0, 0.0, 0.0]","[0.0, 0.0, 0.0, 0.0]",0.0,0.0,2
ID_a554892c_ID_7d5bccea0e.nii.gz,b'',16,0.0,0.0,b'',512,b'',b'',"[3, 512, 512, 32, 1, 1, 1, 1]",0,0,0,0,0,b'',0.0,0.0,0.0,b'n+1',"[-1.0, 0.4882810115814209, 0.4882810115814209, 5.188999176025391, 0.0, 0.0, 0.0, 0.0]",1,125.0,-118.38301086425781,-88.08001708984375,-0.0,0.99086594581604,0.13485081493854523,b'r',nan,nan,0,0,348,0,0.0,0,0,"[0.0, 0.0, 0.0, 0.0]","[0.0, 0.0, 0.0, 0.0]","[0.0, 0.0, 0.0, 0.0]",0.0,0.0,2
ID_a72de500_ID_87b2b4fc60.nii.gz,b'',16,0.0,0.0,b'',512,b'',b'',"[3, 512, 512, 30, 1, 1, 1, 1]",0,0,0,0,0,b'',0.0,0.0,0.0,b'n+1',"[-1.0, 0.48828125, 0.48828125, 5.20147705078125, 0.0, 0.0, 0.0, 0.0]",1,99.0,-237.8433074951172,-215.30029296875,-0.0,0.9902680516242981,0.13917312026023865,b'r',nan,nan,0,0,348,0,0.0,0,0,"[0.0, 0.0, 0.0, 0.0]","[0.0, 0.0, 0.0, 0.0]","[0.0, 0.0, 0.0, 0.0]",0.0,0.0,2
ID_a768755c_ID_3541b002ac.nii.gz,b'',16,0.0,0.0,b'',512,b'',b'',"[3, 512, 512, 36, 1, 1, 1, 1]",0,0,0,0,0,b'',0.0,0.0,0.0,b'n+1',"[-1.0, 0.4882810115814209, 0.4882810115814209, 5.0, 0.0, 0.0, 0.0, 0.0]",1,125.0,-124.5115966796875,-17.0,-0.0,1.0,0.0,b'r',nan,nan,0,0,348,0,0.0,0,0,"[0.0, 0.0, 0.0, 0.0]","[0.0, 0.0, 0.0, 0.0]","[0.0, 0.0, 0.0, 0.0]",0.0,0.0,2
ID_a84354a5_ID_6699da85bb.nii.gz,b'',16,0.0,0.0,b'',512,b'',b'',"[3, 512, 512, 32, 1, 1, 1, 1]",0,0,0,0,0,b'',0.0,0.0,0.0,b'n+1',"[-1.0, 0.48828125, 0.48828125, 5.431884765625, 0.0, 0.0, 0.0, 0.0]",1,140.0,-239.91900634765625,205.58306884765625,-0.0,0.9799246788024902,0.19936791062355042,b'r',nan,nan,0,0,348,0,0.0,0,0,"[0.0, 0.0, 0.0, 0.0]","[0.0, 0.0, 0.0, 0.0]","[0.0, 0.0, 0.0, 0.0]",0.0,0.0,2
ID_a9b3fedc_ID_3850bef0a3.nii.gz,b'',16,0.0,0.0,b'',512,b'',b'',"[3, 512, 512, 30, 1, 1, 1, 1]",0,0,0,0,0,b'',0.0,0.0,0.0,b'n+1',"[-1.0, 0.40234375, 0.40234375, 5.0, 0.0, 0.0, 0.0, 0.0]",1,103.0,-230.59765625,78.0,-0.0,1.0,0.0,b'r',nan,nan,0,0,348,0,0.0,0,0,"[0.0, 0.0, 0.0, 0.0]","[0.0, 0.0, 0.0, 0.0]","[0.0, 0.0, 0.0, 0.0]",0.0,0.0,2
ID_a9fe41fd_ID_ba000cea10.nii.gz,b'',16,0.0,0.0,b'',512,b'',b'',"[3, 512, 512, 38, 1, 1, 1, 1]",0,0,0,0,0,b'',0.0,0.0,0.0,b'n+1',"[-1.0, 0.4882810115814209, 0.4882810115814209, 2.5765380859375, 0.0, 0.0, 0.0, 0.0]",1,125.0,-121.81307220458984,-11.121421813964844,-0.0,0.9925461411476135,0.12186936289072037,b'r',nan,nan,0,0,348,0,0.0,0,0,"[0.0, 0.0, 0.0, 0.0]","[0.0, 0.0, 0.0, 0.0]","[0.0, 0.0, 0.0, 0.0]",0.0,0.0,2
ID_aaf2973d_ID_4002bc3ced.nii.gz,b'',16,0.0,0.0,b'',512,b'',b'',"[3, 512, 512, 24, 1, 1, 1, 1]",0,0,0,0,0,b'',0.0,0.0,0.0,b'n+1',"[-1.0, 0.48828125, 0.48828125, 6.4268798828125, 0.0, 0.0, 0.0, 0.0]",1,125.0,-222.7693328857422,21.712501525878906,-0.0,0.9832549095153809,0.18223553895950317,b'r',nan,nan,0,0,348,0,0.0,0,0,"[0.0, 0.0, 0.0, 0.0]","[0.0, 0.0, 0.0, 0.0]","[0.0, 0.0, 0.0, 0.0]",0.0,0.0,2
ID_ab1ba874_ID_0c1c9bf0ae.nii.gz,b'',16,0.0,0.0,b'',512,b'',b'',"[3, 512, 512, 33, 1, 1, 1, 1]",0,0,0,0,0,b'',0.0,0.0,0.0,b'n+1',"[-1.0, 0.48828125, 0.48828125, 5.0, 0.0, 0.0, 0.0, 0.0]",1,125.0,-239.51171875,77.0,-0.0,1.0,0.0,b'r',nan,nan,0,0,348,0,0.0,0,0,"[0.0, 0.0, 0.0, 0.0]","[0.0, 0.0, 0.0, 0.0]","[0.0, 0.0, 0.0, 0.0]",0.0,0.0,2
ID_acaa9bd1_ID_02fe96388e.nii.gz,b'',16,0.0,0.0,b'',512,b'',b'',"[3, 512, 512, 32, 1, 1, 1, 1]",0,0,0,0,0,b'',0.0,0.0,0.0,b'n+1',"[-1.0, 0.4882810115814209, 0.4882810115814209, 5.451999664306641, 0.0, 0.0, 0.0, 0.0]",1,125.0,-122.48413848876953,-106.50751495361328,-0.0,0.9790454506874084,0.20364174246788025,b'r',nan,nan,0,0,348,0,0.0,0,0,"[0.0, 0.0, 0.0, 0.0]","[0.0, 0.0, 0.0, 0.0]","[0.0, 0.0, 0.0, 0.0]",0.0,0.0,2
ID_ad252872_ID_74f728bfad.nii.gz,b'',16,0.0,0.0,b'',512,b'',b'',"[3, 512, 512, 32, 1, 1, 1, 1]",0,0,0,0,0,b'',0.0,0.0,0.0,b'n+1',"[-1.0, 0.48828125, 0.48828125, 5.32080078125, 0.0, 0.0, 0.0, 0.0]",1,125.0,-213.96766662597656,14.275764465332031,-0.0,0.9848077297210693,0.1736481785774231,b'r',nan,nan,0,0,348,0,0.0,0,0,"[0.0, 0.0, 0.0, 0.0]","[0.0, 0.0, 0.0, 0.0]","[0.0, 0.0, 0.0, 0.0]",0.0,0.0,2
ID_af8ac3ec_ID_81a154bf08.nii.gz,b'',16,0.0,0.0,b'',512,b'',b'',"[3, 512, 512, 32, 1, 1, 1, 1]",0,0,0,0,0,b'',0.0,0.0,0.0,b'n+1',"[-1.0, 0.4882810115814209, 0.4882810115814209, 5.243000030517578, 0.0, 0.0, 0.0, 0.0]",1,125.0,-118.74842834472656,-106.9416275024414,-0.0,0.9883614778518677,0.15212349593639374,b'r',nan,nan,0,0,348,0,0.0,0,0,"[0.0, 0.0, 0.0, 0.0]","[0.0, 0.0, 0.0, 0.0]","[0.0, 0.0, 0.0, 0.0]",0.0,0.0,2
ID_b14c7e8b_ID_fe3a6804e3.nii.gz,b'',16,0.0,0.0,b'',512,b'',b'',"[3, 512, 512, 32, 1, 1, 1, 1]",0,0,0,0,0,b'',0.0,0.0,0.0,b'n+1',"[-1.0, 0.3984380066394806, 0.3984380066394806, 5.142000198364258, 0.0, 0.0, 0.0, 0.0]",1,102.0,-81.69430541992188,-55.36282730102539,-0.0,0.9930684566497803,0.11753720790147781,b'r',nan,nan,0,0,348,0,0.0,0,0,"[0.0, 0.0, 0.0, 0.0]","[0.0, 0.0, 0.0, 0.0]","[0.0, 0.0, 0.0, 0.0]",0.0,0.0,2
ID_b1d5d5e8_ID_4cfa36b63f.nii.gz,b'',16,0.0,0.0,b'',512,b'',b'',"[3, 512, 512, 32, 1, 1, 1, 1]",0,0,0,0,0,b'',0.0,0.0,0.0,b'n+1',"[-1.0, 0.4947509765625, 0.4947509765625, 5.0, 0.0, 0.0, 0.0, 0.0]",1,126.40887451171875,-126.40887451171875,-180.37332153320312,-0.0,1.0,0.0,b'r',nan,nan,0,0,348,0,0.0,0,0,"[0.0, 0.0, 0.0, 0.0]","[0.0, 0.0, 0.0, 0.0]","[0.0, 0.0, 0.0, 0.0]",0.0,0.0,2
ID_b367130b_ID_debc60a9ba.nii.gz,b'',16,0.0,0.0,b'',512,b'',b'',"[3, 512, 512, 32, 1, 1, 1, 1]",0,0,0,0,0,b'',0.0,0.0,0.0,b'n+1',"[-1.0, 0.4882810115814209, 0.4882810115814209, 5.0, 0.0, 0.0, 0.0, 0.0]",1,125.0,-130.7115936279297,-22.0,-0.0,1.0,0.0,b'r',nan,nan,0,0,348,0,0.0,0,0,"[0.0, 0.0, 0.0, 0.0]","[0.0, 0.0, 0.0, 0.0]","[0.0, 0.0, 0.0, 0.0]",0.0,0.0,2
ID_b3a33085_ID_175a5c4119.nii.gz,b'',16,0.0,0.0,b'',512,b'',b'',"[3, 512, 512, 32, 1, 1, 1, 1]",0,0,0,0,0,b'',0.0,0.0,0.0,b'n+1',"[-1.0, 0.48828125, 0.48828125, 5.58697509765625, 0.0, 0.0, 0.0, 0.0]",1,111.0,-273.7624816894531,-212.73068237304688,-0.0,0.9743700623512268,0.22495104372501373,b'r',nan,nan,0,0,348,0,0.0,0,0,"[0.0, 0.0, 0.0, 0.0]","[0.0, 0.0, 0.0, 0.0]","[0.0, 0.0, 0.0, 0.0]",0.0,0.0,2
ID_b79a2d4a_ID_710cdb6530.nii.gz,b'',16,0.0,0.0,b'',512,b'',b'',"[3, 512, 512, 38, 1, 1, 1, 1]",0,0,0,0,0,b'',0.0,0.0,0.0,b'n+1',"[-1.0, 0.48828125, 0.48828125, 5.0, 0.0, 0.0, 0.0, 0.0]",1,125.0,-228.51171875,767.5999145507812,-0.0,1.0,0.0,b'r',nan,nan,0,0,348,0,0.0,0,0,"[0.0, 0.0, 0.0, 0.0]","[0.0, 0.0, 0.0, 0.0]","[0.0, 0.0, 0.0, 0.0]",0.0,0.0,2
ID_b80aec97_ID_2aa91505e6.nii.gz,b'',16,0.0,0.0,b'',512,b'',b'',"[3, 512, 512, 32, 1, 1, 1, 1]",0,0,0,0,0,b'',0.0,0.0,0.0,b'n+1',"[-1.0, 0.4882810115814209, 0.4882810115814209, 5.0, 0.0, 0.0, 0.0, 0.0]",1,125.0,-103.81159973144531,-59.25,-0.0,1.0,0.0,b'r',nan,nan,0,0,348,0,0.0,0,0,"[0.0, 0.0, 0.0, 0.0]","[0.0, 0.0, 0.0, 0.0]","[0.0, 0.0, 0.0, 0.0]",0.0,0.0,2
ID_b85bdbe9_ID_cb52cd5d53.nii.gz,b'',16,0.0,0.0,b'',512,b'',b'',"[3, 512, 512, 42, 1, 1, 1, 1]",0,0,0,0,0,b'',0.0,0.0,0.0,b'n+1',"[-1.0, 0.4947509765625, 0.4947509765625, 5.0, 0.0, 0.0, 0.0, 0.0]",1,126.40887451171875,-126.40887451171875,-392.56622314453125,-0.0,1.0,0.0,b'r',nan,nan,0,0,348,0,0.0,0,0,"[0.0, 0.0, 0.0, 0.0]","[0.0, 0.0, 0.0, 0.0]","[0.0, 0.0, 0.0, 0.0]",0.0,0.0,2
ID_b92014da_ID_a9310805a0.nii.gz,b'',16,0.0,0.0,b'',512,b'',b'',"[3, 512, 512, 32, 1, 1, 1, 1]",0,0,0,0,0,b'',0.0,0.0,0.0,b'n+1',"[-1.0, 0.4882810115814209, 0.4882810115814209, 5.472999572753906, 0.0, 0.0, 0.0, 0.0]",1,125.0,-86.34713745117188,-139.94461059570312,-0.0,0.978147566318512,0.2079119235277176,b'r',nan,nan,0,0,348,0,0.0,0,0,"[0.0, 0.0, 0.0, 0.0]","[0.0, 0.0, 0.0, 0.0]","[0.0, 0.0, 0.0, 0.0]",0.0,0.0,2
ID_b972b07f_ID_b5ace7f563.nii.gz,b'',16,0.0,0.0,b'',512,b'',b'',"[3, 512, 512, 32, 1, 1, 1, 1]",0,0,0,0,0,b'',0.0,0.0,0.0,b'n+1',"[-1.0, 0.4882810115814209, 0.4882810115814209, 5.215000152587891, 0.0, 0.0, 0.0, 0.0]",1,125.0,-140.58465576171875,-64.14302062988281,-0.0,0.9896514415740967,0.1434924155473709,b'r',nan,nan,0,0,348,0,0.0,0,0,"[0.0, 0.0, 0.0, 0.0]","[0.0, 0.0, 0.0, 0.0]","[0.0, 0.0, 0.0, 0.0]",0.0,0.0,2
ID_ba3a77dd_ID_70715be365.nii.gz,b'',16,0.0,0.0,b'',512,b'',b'',"[3, 512, 512, 32, 1, 1, 1, 1]",0,0,0,0,0,b'',0.0,0.0,0.0,b'n+1',"[-1.0, 0.48828125, 0.48828125, 5.0, 0.0, 0.0, 0.0, 0.0]",1,125.0,-234.51171875,35.199951171875,-0.0,1.0,0.0,b'r',nan,nan,0,0,348,0,0.0,0,0,"[0.0, 0.0, 0.0, 0.0]","[0.0, 0.0, 0.0, 0.0]","[0.0, 0.0, 0.0, 0.0]",0.0,0.0,2
ID_c08a7b51_ID_b98f437f69.nii.gz,b'',16,0.0,0.0,b'',512,b'',b'',"[3, 512, 512, 33, 1, 1, 1, 1]",0,0,0,0,0,b'',0.0,0.0,0.0,b'n+1',"[-1.0, 0.48828125, 0.48828125, 5.0, 0.0, 0.0, 0.0, 0.0]",1,125.0,-305.51171875,66.0999755859375,-0.0,1.0,0.0,b'r',nan,nan,0,0,348,0,0.0,0,0,"[0.0, 0.0, 0.0, 0.0]","[0.0, 0.0, 0.0, 0.0]","[0.0, 0.0, 0.0, 0.0]",0.0,0.0,2
ID_c1e1c4ef_ID_521bc36497.nii.gz,b'',16,0.0,0.0,b'',512,b'',b'',"[3, 512, 512, 40, 1, 1, 1, 1]",0,0,0,0,0,b'',0.0,0.0,0.0,b'n+1',"[-1.0, 0.4882810115814209, 0.4882810115814209, 2.6599998474121094, 0.0, 0.0, 0.0, 0.0]",1,133.8000030517578,-106.10221862792969,-86.61793518066406,-0.0,0.9848077893257141,0.17364805936813354,b'r',nan,nan,0,0,348,0,0.0,0,0,"[0.0, 0.0, 0.0, 0.0]","[0.0, 0.0, 0.0, 0.0]","[0.0, 0.0, 0.0, 0.0]",0.0,0.0,2
ID_c3769f3a_ID_32fc557515.nii.gz,b'',16,0.0,0.0,b'',512,b'',b'',"[3, 512, 512, 30, 1, 1, 1, 1]",0,0,0,0,0,b'',0.0,0.0,0.0,b'n+1',"[-1.0, 0.48828125, 0.48828125, 5.431884765625, 0.0, 0.0, 0.0, 0.0]",1,125.0,-255.8060760498047,-25.28717803955078,-0.0,0.9799246788024902,0.19936791062355042,b'r',nan,nan,0,0,348,0,0.0,0,0,"[0.0, 0.0, 0.0, 0.0]","[0.0, 0.0, 0.0, 0.0]","[0.0, 0.0, 0.0, 0.0]",0.0,0.0,2
ID_c488fbef_ID_ae4af6dd21.nii.gz,b'',16,0.0,0.0,b'',512,b'',b'',"[3, 512, 512, 36, 1, 1, 1, 1]",0,0,0,0,0,b'',0.0,0.0,0.0,b'n+1',"[-1.0, 0.443359375, 0.443359375, 5.0, 0.0, 0.0, 0.0, 0.0]",1,113.5,-215.056640625,117.0,-0.0,1.0,0.0,b'r',nan,nan,0,0,348,0,0.0,0,0,"[0.0, 0.0, 0.0, 0.0]","[0.0, 0.0, 0.0, 0.0]","[0.0, 0.0, 0.0, 0.0]",0.0,0.0,2
ID_c5479170_ID_6cc8f5463a.nii.gz,b'',16,0.0,0.0,b'',512,b'',b'',"[3, 512, 512, 32, 1, 1, 1, 1]",0,0,0,0,0,b'',0.0,0.0,0.0,b'n+1',"[-1.0, 0.4882810115814209, 0.4882810115814209, 5.0, 0.0, 0.0, 0.0, 0.0]",1,125.0,-124.5115966796875,-62.5,-0.0,1.0,0.0,b'r',nan,nan,0,0,348,0,0.0,0,0,"[0.0, 0.0, 0.0, 0.0]","[0.0, 0.0, 0.0, 0.0]","[0.0, 0.0, 0.0, 0.0]",0.0,0.0,2
ID_c91d516c_ID_2d2f3d2953.nii.gz,b'',16,0.0,0.0,b'',512,b'',b'',"[3, 512, 512, 28, 1, 1, 1, 1]",0,0,0,0,0,b'',0.0,0.0,0.0,b'n+1',"[-1.0, 0.4882810115814209, 0.4882810115814209, 5.562999725341797, 0.0, 0.0, 0.0, 0.0]",1,125.0,-107.3105697631836,-61.838661193847656,-0.0,0.9743700623512268,0.22495101392269135,b'r',nan,nan,0,0,348,0,0.0,0,0,"[0.0, 0.0, 0.0, 0.0]","[0.0, 0.0, 0.0, 0.0]","[0.0, 0.0, 0.0, 0.0]",0.0,0.0,2
ID_c9d6fdc6_ID_7f09be285d.nii.gz,b'',16,0.0,0.0,b'',512,b'',b'',"[3, 512, 512, 38, 1, 1, 1, 1]",0,0,0,0,0,b'',0.0,0.0,0.0,b'n+1',"[-1.0, 0.49486300349235535, 0.49486300349235535, 5.0, 0.0, 0.0, 0.0, 0.0]",1,126.4373779296875,-126.4376220703125,-2.5,-0.0,1.0,0.0,b'r',nan,nan,0,0,348,0,0.0,0,0,"[0.0, 0.0, 0.0, 0.0]","[0.0, 0.0, 0.0, 0.0]","[0.0, 0.0, 0.0, 0.0]",0.0,0.0,2
ID_ca7bbeab_ID_228e9cbe5c.nii.gz,b'',16,0.0,0.0,b'',512,b'',b'',"[3, 512, 512, 32, 1, 1, 1, 1]",0,0,0,0,0,b'',0.0,0.0,0.0,b'n+1',"[-1.0, 0.4882810115814209, 0.4882810115814209, 5.3040008544921875, 0.0, 0.0, 0.0, 0.0]",1,125.0,-117.36994934082031,-67.562744140625,-0.0,0.9855560064315796,0.16934965550899506,b'r',nan,nan,0,0,348,0,0.0,0,0,"[0.0, 0.0, 0.0, 0.0]","[0.0, 0.0, 0.0, 0.0]","[0.0, 0.0, 0.0, 0.0]",0.0,0.0,2
ID_cb4c887c_ID_ec2a4643f3.nii.gz,b'',16,0.0,0.0,b'',512,b'',b'',"[3, 512, 512, 30, 1, 1, 1, 1]",0,0,0,0,0,b'',0.0,0.0,0.0,b'n+1',"[-1.0, 0.48828125, 0.48828125, 5.00948429107666, 0.0, 0.0, 0.0, 0.0]",1,125.0,-265.0933837890625,-190.57608032226562,-0.0,0.9987423419952393,0.05013705790042877,b'r',nan,nan,0,0,348,0,0.0,0,0,"[0.0, 0.0, 0.0, 0.0]","[0.0, 0.0, 0.0, 0.0]","[0.0, 0.0, 0.0, 0.0]",0.0,0.0,2
ID_ccbe16e6_ID_706deb5ba2.nii.gz,b'',16,0.0,0.0,b'',512,b'',b'',"[3, 512, 512, 32, 1, 1, 1, 1]",0,0,0,0,0,b'',0.0,0.0,0.0,b'n+1',"[-1.0, 0.4882810115814209, 0.4882810115814209, 5.121000289916992, 0.0, 0.0, 0.0, 0.0]",1,125.0,-142.76016235351562,-66.89928436279297,-0.0,0.9940563440322876,0.10886704176664352,b'r',nan,nan,0,0,348,0,0.0,0,0,"[0.0, 0.0, 0.0, 0.0]","[0.0, 0.0, 0.0, 0.0]","[0.0, 0.0, 0.0, 0.0]",0.0,0.0,2
ID_cdaa21cb_ID_a5f7ae30f1.nii.gz,b'',16,0.0,0.0,b'',512,b'',b'',"[3, 512, 512, 36, 1, 1, 1, 1]",0,0,0,0,0,b'',0.0,0.0,0.0,b'n+1',"[-1.0, 0.4882810115814209, 0.4882810115814209, 5.0, 0.0, 0.0, 0.0, 0.0]",1,125.0,-136.41159057617188,-60.0,-0.0,1.0,0.0,b'r',nan,nan,0,0,348,0,0.0,0,0,"[0.0, 0.0, 0.0, 0.0]","[0.0, 0.0, 0.0, 0.0]","[0.0, 0.0, 0.0, 0.0]",0.0,0.0,2
ID_cf8f428f_ID_61ec5a3e22.nii.gz,b'',16,0.0,0.0,b'',512,b'',b'',"[3, 512, 512, 32, 1, 1, 1, 1]",0,0,0,0,0,b'',0.0,0.0,0.0,b'n+1',"[-1.0, 0.48828125, 0.48828125, 5.431884765625, 0.0, 0.0, 0.0, 0.0]",1,125.0,-260.4085998535156,-20.84081268310547,-0.0,0.9799246788024902,0.19936791062355042,b'r',nan,nan,0,0,348,0,0.0,0,0,"[0.0, 0.0, 0.0, 0.0]","[0.0, 0.0, 0.0, 0.0]","[0.0, 0.0, 0.0, 0.0]",0.0,0.0,2
ID_d02f2ee1_ID_a732858fcd.nii.gz,b'',16,0.0,0.0,b'',512,b'',b'',"[3, 512, 512, 30, 1, 1, 1, 1]",0,0,0,0,0,b'',0.0,0.0,0.0,b'n+1',"[-1.0, 0.48828125, 0.48828125, 5.431884765625, 0.0, 0.0, 0.0, 0.0]",1,125.0,-259.3291015625,44.268455505371094,-0.0,0.9799246788024902,0.19936791062355042,b'r',nan,nan,0,0,348,0,0.0,0,0,"[0.0, 0.0, 0.0, 0.0]","[0.0, 0.0, 0.0, 0.0]","[0.0, 0.0, 0.0, 0.0]",0.0,0.0,2
ID_d039497d_ID_da6cc2290f.nii.gz,b'',16,0.0,0.0,b'',512,b'',b'',"[3, 512, 512, 38, 1, 1, 1, 1]",0,0,0,0,0,b'',0.0,0.0,0.0,b'n+1',"[-1.0, 0.4882810115814209, 0.4882810115814209, 2.63623046875, 0.0, 0.0, 0.0, 0.0]",1,125.0,-117.57726287841797,-38.59085464477539,-0.0,0.9869963526725769,0.16074267029762268,b'r',nan,nan,0,0,348,0,0.0,0,0,"[0.0, 0.0, 0.0, 0.0]","[0.0, 0.0, 0.0, 0.0]","[0.0, 0.0, 0.0, 0.0]",0.0,0.0,2
ID_d29d246b_ID_6121b401e7.nii.gz,b'',16,0.0,0.0,b'',512,b'',b'',"[3, 512, 512, 32, 1, 1, 1, 1]",0,0,0,0,0,b'',0.0,0.0,0.0,b'n+1',"[-1.0, 0.4947509765625, 0.4947509765625, 5.0, 0.0, 0.0, 0.0, 0.0]",1,126.40887451171875,-126.40887451171875,-2.5,-0.0,1.0,0.0,b'r',nan,nan,0,0,348,0,0.0,0,0,"[0.0, 0.0, 0.0, 0.0]","[0.0, 0.0, 0.0, 0.0]","[0.0, 0.0, 0.0, 0.0]",0.0,0.0,2
ID_d2deede6_ID_799247e354.nii.gz,b'',16,0.0,0.0,b'',512,b'',b'',"[3, 512, 512, 35, 1, 1, 1, 1]",0,0,0,0,0,b'',0.0,0.0,0.0,b'n+1',"[-1.0, 0.513671875, 0.513671875, 5.0, 0.0, 0.0, 0.0, 0.0]",1,131.5,-281.986328125,91.199951171875,-0.0,1.0,0.0,b'r',nan,nan,0,0,348,0,0.0,0,0,"[0.0, 0.0, 0.0, 0.0]","[0.0, 0.0, 0.0, 0.0]","[0.0, 0.0, 0.0, 0.0]",0.0,0.0,2
ID_d3d99dce_ID_cd10b6aba1.nii.gz,b'',16,0.0,0.0,b'',512,b'',b'',"[3, 512, 512, 28, 1, 1, 1, 1]",0,0,0,0,0,b'',0.0,0.0,0.0,b'n+1',"[-1.0, 0.4882810115814209, 0.4882810115814209, 5.374000549316406, 0.0, 0.0, 0.0, 0.0]",1,125.0,-107.54801177978516,-80.86421966552734,-0.0,0.9824504256248474,0.18652385473251343,b'r',nan,nan,0,0,348,0,0.0,0,0,"[0.0, 0.0, 0.0, 0.0]","[0.0, 0.0, 0.0, 0.0]","[0.0, 0.0, 0.0, 0.0]",0.0,0.0,2
ID_d79fa3ff_ID_90d02c54ba.nii.gz,b'',16,0.0,0.0,b'',512,b'',b'',"[3, 512, 512, 34, 1, 1, 1, 1]",0,0,0,0,0,b'',0.0,0.0,0.0,b'n+1',"[-1.0, 0.4947509765625, 0.4947509765625, 5.0, 0.0, 0.0, 0.0, 0.0]",1,126.40887451171875,-126.40887451171875,-2.5,-0.0,1.0,0.0,b'r',nan,nan,0,0,348,0,0.0,0,0,"[0.0, 0.0, 0.0, 0.0]","[0.0, 0.0, 0.0, 0.0]","[0.0, 0.0, 0.0, 0.0]",0.0,0.0,2
ID_d8e67d7d_ID_c182bd8176.nii.gz,b'',16,0.0,0.0,b'',512,b'',b'',"[3, 512, 512, 36, 1, 1, 1, 1]",0,0,0,0,0,b'',0.0,0.0,0.0,b'n+1',"[-1.0, 0.48828125, 0.48828125, 5.0, 0.0, 0.0, 0.0, 0.0]",1,125.0,-244.51171875,872.7999877929688,-0.0,1.0,0.0,b'r',nan,nan,0,0,348,0,0.0,0,0,"[0.0, 0.0, 0.0, 0.0]","[0.0, 0.0, 0.0, 0.0]","[0.0, 0.0, 0.0, 0.0]",0.0,0.0,2
ID_d9675573_ID_02237f7694.nii.gz,b'',16,0.0,0.0,b'',512,b'',b'',"[3, 512, 512, 40, 1, 1, 1, 1]",0,0,0,0,0,b'',0.0,0.0,0.0,b'n+1',"[-1.0, 0.4882810115814209, 0.4882810115814209, 2.571000099182129, 0.0, 0.0, 0.0, 0.0]",1,125.0,-121.07160186767578,-58.56623458862305,-0.0,0.9930684566497803,0.11753721535205841,b'r',nan,nan,0,0,348,0,0.0,0,0,"[0.0, 0.0, 0.0, 0.0]","[0.0, 0.0, 0.0, 0.0]","[0.0, 0.0, 0.0, 0.0]",0.0,0.0,2
ID_daf22e49_ID_bf76e84f8d.nii.gz,b'',16,0.0,0.0,b'',512,b'',b'',"[3, 512, 512, 32, 1, 1, 1, 1]",0,0,0,0,0,b'',0.0,0.0,0.0,b'n+1',"[-1.0, 0.4882810115814209, 0.4882810115814209, 5.093584060668945, 0.0, 0.0, 0.0, 0.0]",1,125.0,-133.52398681640625,-24.204439163208008,-0.0,0.9953961968421936,0.0958457663655281,b'r',nan,nan,0,0,348,0,0.0,0,0,"[0.0, 0.0, 0.0, 0.0]","[0.0, 0.0, 0.0, 0.0]","[0.0, 0.0, 0.0, 0.0]",0.0,0.0,2
ID_db89259c_ID_2c20aff0f9.nii.gz,b'',16,0.0,0.0,b'',512,b'',b'',"[3, 512, 512, 33, 1, 1, 1, 1]",0,0,0,0,0,b'',0.0,0.0,0.0,b'n+1',"[-1.0, 0.48828125, 0.48828125, 5.0, 0.0, 0.0, 0.0, 0.0]",1,125.0,-235.51171875,78.0,-0.0,1.0,0.0,b'r',nan,nan,0,0,348,0,0.0,0,0,"[0.0, 0.0, 0.0, 0.0]","[0.0, 0.0, 0.0, 0.0]","[0.0, 0.0, 0.0, 0.0]",0.0,0.0,2
ID_dd3d7720_ID_6a88b9c0eb.nii.gz,b'',16,0.0,0.0,b'',512,b'',b'',"[3, 512, 512, 30, 1, 1, 1, 1]",0,0,0,0,0,b'',0.0,0.0,0.0,b'n+1',"[-1.0, 0.48828125, 0.48828125, 5.2880859375, 0.0, 0.0, 0.0, 0.0]",1,109.0,-242.39772033691406,44.11455535888672,-0.0,0.9862856268882751,0.16504760086536407,b'r',nan,nan,0,0,348,0,0.0,0,0,"[0.0, 0.0, 0.0, 0.0]","[0.0, 0.0, 0.0, 0.0]","[0.0, 0.0, 0.0, 0.0]",0.0,0.0,2
ID_df3f0a7d_ID_fbcdf807a8.nii.gz,b'',16,0.0,0.0,b'',512,b'',b'',"[3, 512, 512, 32, 1, 1, 1, 1]",0,0,0,0,0,b'',0.0,0.0,0.0,b'n+1',"[-1.0, 0.4882810115814209, 0.4882810115814209, 5.094000339508057, 0.0, 0.0, 0.0, 0.0]",1,125.0,-115.02438354492188,-40.60806655883789,-0.0,0.9953961968421936,0.0958457663655281,b'r',nan,nan,0,0,348,0,0.0,0,0,"[0.0, 0.0, 0.0, 0.0]","[0.0, 0.0, 0.0, 0.0]","[0.0, 0.0, 0.0, 0.0]",0.0,0.0,2
ID_df935041_ID_32b8592d2c.nii.gz,b'',16,0.0,0.0,b'',512,b'',b'',"[3, 512, 512, 40, 1, 1, 1, 1]",0,0,0,0,0,b'',0.0,0.0,0.0,b'n+1',"[-1.0, 0.4882810115814209, 0.4882810115814209, 2.7939987182617188, 0.0, 0.0, 0.0, 0.0]",1,125.0,-116.62946319580078,-35.39959716796875,-0.0,0.9733792543411255,0.22920051217079163,b'r',nan,nan,0,0,348,0,0.0,0,0,"[0.0, 0.0, 0.0, 0.0]","[0.0, 0.0, 0.0, 0.0]","[0.0, 0.0, 0.0, 0.0]",0.0,0.0,2
ID_e05b3047_ID_3d78428b2d.nii.gz,b'',16,0.0,0.0,b'',512,b'',b'',"[3, 512, 512, 36, 1, 1, 1, 1]",0,0,0,0,0,b'',0.0,0.0,0.0,b'n+1',"[-1.0, 0.4882810115814209, 0.4882810115814209, 5.256999969482422, 0.0, 0.0, 0.0, 0.0]",1,125.0,-126.71763610839844,-51.67328643798828,-0.0,0.9876883625984192,0.15643438696861267,b'r',nan,nan,0,0,348,0,0.0,0,0,"[0.0, 0.0, 0.0, 0.0]","[0.0, 0.0, 0.0, 0.0]","[0.0, 0.0, 0.0, 0.0]",0.0,0.0,2
ID_e1d9fe9d_ID_f73aea5186.nii.gz,b'',16,0.0,0.0,b'',512,b'',b'',"[3, 512, 512, 28, 1, 1, 1, 1]",0,0,0,0,0,b'',0.0,0.0,0.0,b'n+1',"[-1.0, 0.4882810115814209, 0.4882810115814209, 5.373931884765625, 0.0, 0.0, 0.0, 0.0]",1,125.0,-146.84780883789062,-82.84478759765625,-0.0,0.9824504256248474,0.18652385473251343,b'r',nan,nan,0,0,348,0,0.0,0,0,"[0.0, 0.0, 0.0, 0.0]","[0.0, 0.0, 0.0, 0.0]","[0.0, 0.0, 0.0, 0.0]",0.0,0.0,2
ID_e2e2e522_ID_7b7b5543dc.nii.gz,b'',16,0.0,0.0,b'',512,b'',b'',"[3, 512, 512, 30, 1, 1, 1, 1]",0,0,0,0,0,b'',0.0,0.0,0.0,b'n+1',"[-1.0, 0.4882810115814209, 0.4882810115814209, 5.392677307128906, 0.0, 0.0, 0.0, 0.0]",1,125.0,-140.44509887695312,-111.53358459472656,-0.0,0.9816271662712097,0.19080916047096252,b'r',nan,nan,0,0,348,0,0.0,0,0,"[0.0, 0.0, 0.0, 0.0]","[0.0, 0.0, 0.0, 0.0]","[0.0, 0.0, 0.0, 0.0]",0.0,0.0,2
ID_e393f193_ID_c81bf5f45d.nii.gz,b'',16,0.0,0.0,b'',512,b'',b'',"[3, 512, 512, 30, 1, 1, 1, 1]",0,0,0,0,0,b'',0.0,0.0,0.0,b'n+1',"[-1.0, 0.48828125, 0.48828125, 5.14208984375, 0.0, 0.0, 0.0, 0.0]",1,125.0,-239.5375518798828,43.2473030090332,-0.0,0.9935718774795532,0.11320322006940842,b'r',nan,nan,0,0,348,0,0.0,0,0,"[0.0, 0.0, 0.0, 0.0]","[0.0, 0.0, 0.0, 0.0]","[0.0, 0.0, 0.0, 0.0]",0.0,0.0,2
ID_e3db11e0_ID_1863688c5b.nii.gz,b'',16,0.0,0.0,b'',512,b'',b'',"[3, 512, 512, 36, 1, 1, 1, 1]",0,0,0,0,0,b'',0.0,0.0,0.0,b'n+1',"[-1.0, 0.4882810115814209, 0.4882810115814209, 5.042999267578125, 0.0, 0.0, 0.0, 0.0]",1,125.0,-163.84600830078125,-90.57074737548828,-0.0,0.9978589415550232,0.0654030293226242,b'r',nan,nan,0,0,348,0,0.0,0,0,"[0.0, 0.0, 0.0, 0.0]","[0.0, 0.0, 0.0, 0.0]","[0.0, 0.0, 0.0, 0.0]",0.0,0.0,2
ID_e566ef9b_ID_439ce9720b.nii.gz,b'',16,0.0,0.0,b'',512,b'',b'',"[3, 512, 512, 32, 1, 1, 1, 1]",0,0,0,0,0,b'',0.0,0.0,0.0,b'n+1',"[-1.0, 0.486328125, 0.486328125, 5.516845703125, 0.0, 0.0, 0.0, 0.0]",1,121.5,-266.1747131347656,-23.84173583984375,-0.0,0.9762960076332092,0.2164396196603775,b'r',nan,nan,0,0,348,0,0.0,0,0,"[0.0, 0.0, 0.0, 0.0]","[0.0, 0.0, 0.0, 0.0]","[0.0, 0.0, 0.0, 0.0]",0.0,0.0,2
ID_e714812a_ID_11a3b1afdc.nii.gz,b'',16,0.0,0.0,b'',512,b'',b'',"[3, 512, 512, 34, 1, 1, 1, 1]",0,0,0,0,0,b'',0.0,0.0,0.0,b'n+1',"[-1.0, 0.4947509765625, 0.4947509765625, 5.0, 0.0, 0.0, 0.0, 0.0]",1,126.40887451171875,-126.40887451171875,-303.6880187988281,-0.0,1.0,0.0,b'r',nan,nan,0,0,348,0,0.0,0,0,"[0.0, 0.0, 0.0, 0.0]","[0.0, 0.0, 0.0, 0.0]","[0.0, 0.0, 0.0, 0.0]",0.0,0.0,2
ID_e8691c40_ID_4e6812b21a.nii.gz,b'',16,0.0,0.0,b'',512,b'',b'',"[3, 512, 512, 32, 1, 1, 1, 1]",0,0,0,0,0,b'',0.0,0.0,0.0,b'n+1',"[-1.0, 0.3710939884185791, 0.3710939884185791, 5.0, 0.0, 0.0, 0.0, 0.0]",1,95.0,-92.0290298461914,-38.25,-0.0,1.0,0.0,b'r',nan,nan,0,0,348,0,0.0,0,0,"[0.0, 0.0, 0.0, 0.0]","[0.0, 0.0, 0.0, 0.0]","[0.0, 0.0, 0.0, 0.0]",0.0,0.0,2
ID_ea687366_ID_452c5f1f8c.nii.gz,b'',16,0.0,0.0,b'',512,b'',b'',"[3, 512, 512, 38, 1, 1, 1, 1]",0,0,0,0,0,b'',0.0,0.0,0.0,b'n+1',"[-1.0, 0.4947509765625, 0.4947509765625, 5.0, 0.0, 0.0, 0.0, 0.0]",1,126.40887451171875,-126.40887451171875,-2.5,-0.0,1.0,0.0,b'r',nan,nan,0,0,348,0,0.0,0,0,"[0.0, 0.0, 0.0, 0.0]","[0.0, 0.0, 0.0, 0.0]","[0.0, 0.0, 0.0, 0.0]",0.0,0.0,2
ID_eac5718d_ID_5a2b7690df.nii.gz,b'',16,0.0,0.0,b'',512,b'',b'',"[3, 512, 512, 39, 1, 1, 1, 1]",0,0,0,0,0,b'',0.0,0.0,0.0,b'n+1',"[-1.0, 0.48828125, 0.48828125, 5.0, 0.0, 0.0, 0.0, 0.0]",1,125.0,-256.51171875,296.7999267578125,-0.0,1.0,0.0,b'r',nan,nan,0,0,348,0,0.0,0,0,"[0.0, 0.0, 0.0, 0.0]","[0.0, 0.0, 0.0, 0.0]","[0.0, 0.0, 0.0, 0.0]",0.0,0.0,2
ID_eb093f57_ID_0e2b33b4c9.nii.gz,b'',16,0.0,0.0,b'',512,b'',b'',"[3, 512, 512, 38, 1, 1, 1, 1]",0,0,0,0,0,b'',0.0,0.0,0.0,b'n+1',"[-1.0, 0.4947509765625, 0.4947509765625, 5.0, 0.0, 0.0, 0.0, 0.0]",1,126.40887451171875,-126.40887451171875,-2.5,-0.0,1.0,0.0,b'r',nan,nan,0,0,348,0,0.0,0,0,"[0.0, 0.0, 0.0, 0.0]","[0.0, 0.0, 0.0, 0.0]","[0.0, 0.0, 0.0, 0.0]",0.0,0.0,2
ID_eb39f236_ID_d7edccdb08.nii.gz,b'',16,0.0,0.0,b'',512,b'',b'',"[3, 512, 512, 28, 1, 1, 1, 1]",0,0,0,0,0,b'',0.0,0.0,0.0,b'n+1',"[-1.0, 0.4882810115814209, 0.4882810115814209, 5.215000152587891, 0.0, 0.0, 0.0, 0.0]",1,125.0,-119.3846664428711,-67.11302185058594,-0.0,0.9896514415740967,0.1434924155473709,b'r',nan,nan,0,0,348,0,0.0,0,0,"[0.0, 0.0, 0.0, 0.0]","[0.0, 0.0, 0.0, 0.0]","[0.0, 0.0, 0.0, 0.0]",0.0,0.0,2
ID_eb5a964a_ID_c2f5350a3f.nii.gz,b'',16,0.0,0.0,b'',512,b'',b'',"[3, 512, 512, 34, 1, 1, 1, 1]",0,0,0,0,0,b'',0.0,0.0,0.0,b'n+1',"[-1.0, 0.48828125, 0.48828125, 5.0, 0.0, 0.0, 0.0, 0.0]",1,125.0,-302.51171875,55.800048828125,-0.0,1.0,0.0,b'r',nan,nan,0,0,348,0,0.0,0,0,"[0.0, 0.0, 0.0, 0.0]","[0.0, 0.0, 0.0, 0.0]","[0.0, 0.0, 0.0, 0.0]",0.0,0.0,2
ID_ec8a7bf0_ID_c853ba89ce.nii.gz,b'',16,0.0,0.0,b'',512,b'',b'',"[3, 512, 512, 32, 1, 1, 1, 1]",0,0,0,0,0,b'',0.0,0.0,0.0,b'n+1',"[-1.0, 0.51953125, 0.51953125, 5.47314453125, 0.0, 0.0, 0.0, 0.0]",1,133.0,-259.18829345703125,42.56907653808594,-0.0,0.9781476259231567,0.20791170001029968,b'r',nan,nan,0,0,348,0,0.0,0,0,"[0.0, 0.0, 0.0, 0.0]","[0.0, 0.0, 0.0, 0.0]","[0.0, 0.0, 0.0, 0.0]",0.0,0.0,2
ID_ed6dfff7_ID_f54a5fd2c8.nii.gz,b'',16,0.0,0.0,b'',512,b'',b'',"[3, 512, 512, 32, 1, 1, 1, 1]",0,0,0,0,0,b'',0.0,0.0,0.0,b'n+1',"[-1.0, 0.4882810115814209, 0.4882810115814209, 5.392669677734375, 0.0, 0.0, 0.0, 0.0]",1,125.0,-114.94509887695312,-27.43091583251953,-0.0,0.9816271662712097,0.19080916047096252,b'r',nan,nan,0,0,348,0,0.0,0,0,"[0.0, 0.0, 0.0, 0.0]","[0.0, 0.0, 0.0, 0.0]","[0.0, 0.0, 0.0, 0.0]",0.0,0.0,2
ID_f1a342da_ID_13d6f969d2.nii.gz,b'',16,0.0,0.0,b'',512,b'',b'',"[3, 512, 512, 34, 1, 1, 1, 1]",0,0,0,0,0,b'',0.0,0.0,0.0,b'n+1',"[-1.0, 0.466796875, 0.466796875, 5.0, 0.0, 0.0, 0.0, 0.0]",1,108.5,-145.033203125,77.0,-0.0,1.0,0.0,b'r',nan,nan,0,0,348,0,0.0,0,0,"[0.0, 0.0, 0.0, 0.0]","[0.0, 0.0, 0.0, 0.0]","[0.0, 0.0, 0.0, 0.0]",0.0,0.0,2
ID_f335b6db_ID_d180629430.nii.gz,b'',16,0.0,0.0,b'',512,b'',b'',"[3, 512, 512, 36, 1, 1, 1, 1]",0,0,0,0,0,b'',0.0,0.0,0.0,b'n+1',"[-1.0, 0.4882810115814209, 0.4882810115814209, 2.6959991455078125, 0.0, 0.0, 0.0, 0.0]",1,125.0,-115.44507598876953,-52.892757415771484,-0.0,0.9816271662712097,0.19080916047096252,b'r',nan,nan,0,0,348,0,0.0,0,0,"[0.0, 0.0, 0.0, 0.0]","[0.0, 0.0, 0.0, 0.0]","[0.0, 0.0, 0.0, 0.0]",0.0,0.0,2
ID_f4795940_ID_6317a06429.nii.gz,b'',16,0.0,0.0,b'',512,b'',b'',"[3, 512, 512, 32, 1, 1, 1, 1]",0,0,0,0,0,b'',0.0,0.0,0.0,b'n+1',"[-1.0, 0.4882810115814209, 0.4882810115814209, 5.258000373840332, 0.0, 0.0, 0.0, 0.0]",1,125.0,-115.31763458251953,-69.71928405761719,-0.0,0.9876883625984192,0.15643438696861267,b'r',nan,nan,0,0,348,0,0.0,0,0,"[0.0, 0.0, 0.0, 0.0]","[0.0, 0.0, 0.0, 0.0]","[0.0, 0.0, 0.0, 0.0]",0.0,0.0,2
ID_faa3c13d_ID_c31106b8dc.nii.gz,b'',16,0.0,0.0,b'',512,b'',b'',"[3, 512, 512, 29, 1, 1, 1, 1]",0,0,0,0,0,b'',0.0,0.0,0.0,b'n+1',"[-1.0, 0.404296875, 0.404296875, 5.0, 0.0, 0.0, 0.0, 0.0]",1,103.5,-215.095703125,81.9000244140625,-0.0,1.0,0.0,b'r',nan,nan,0,0,348,0,0.0,0,0,"[0.0, 0.0, 0.0, 0.0]","[0.0, 0.0, 0.0, 0.0]","[0.0, 0.0, 0.0, 0.0]",0.0,0.0,2
ID_fb6d0135_ID_497840f16e.nii.gz,b'',16,0.0,0.0,b'',512,b'',b'',"[3, 512, 512, 28, 1, 1, 1, 1]",0,0,0,0,0,b'',0.0,0.0,0.0,b'n+1',"[-1.0, 0.4882810115814209, 0.4882810115814209, 5.392673492431641, 0.0, 0.0, 0.0, 0.0]",1,125.0,-115.44509887695312,-33.11043167114258,-0.0,0.9816271662712097,0.19080916047096252,b'r',nan,nan,0,0,348,0,0.0,0,0,"[0.0, 0.0, 0.0, 0.0]","[0.0, 0.0, 0.0, 0.0]","[0.0, 0.0, 0.0, 0.0]",0.0,0.0,2
ID_fcbe7eda_ID_5726e1c630.nii.gz,b'',16,0.0,0.0,b'',512,b'',b'',"[3, 512, 512, 32, 1, 1, 1, 1]",0,0,0,0,0,b'',0.0,0.0,0.0,b'n+1',"[-1.0, 0.48828125, 0.48828125, 5.0, 0.0, 0.0, 0.0, 0.0]",1,125.0,-238.51171875,124.0,-0.0,1.0,0.0,b'r',nan,nan,0,0,348,0,0.0,0,0,"[0.0, 0.0, 0.0, 0.0]","[0.0, 0.0, 0.0, 0.0]","[0.0, 0.0, 0.0, 0.0]",0.0,0.0,2
